<?xml version="1.0" encoding="utf-8"?>
<COLLADA xmlns="http://www.collada.org/2005/11/COLLADASchema" version="1.4.1" xmlns:xsi="http://www.w3.org/2001/XMLSchema-instance">
  <asset>
    <contributor>
      <author>Blender User</author>
      <authoring_tool>Blender 3.5.1 commit date:2023-04-24, commit time:18:11, hash:e1ccd9d4a1d3</authoring_tool>
    </contributor>
    <created>2025-04-24T18:36:30</created>
    <modified>2025-04-24T18:36:30</modified>
    <unit name="meter" meter="1"/>
    <up_axis>Z_UP</up_axis>
  </asset>
  <library_effects>
    <effect id="cable_tower-effect">
      <profile_COMMON>
        <newparam sid="cable_tower_png-surface">
          <surface type="2D">
            <init_from>cable_tower_png</init_from>
          </surface>
        </newparam>
        <newparam sid="cable_tower_png-sampler">
          <sampler2D>
            <source>cable_tower_png-surface</source>
          </sampler2D>
        </newparam>
        <technique sid="common">
          <lambert>
            <emission>
              <color sid="emission">0 0 0 1</color>
            </emission>
            <diffuse>
              <texture texture="cable_tower_png-sampler" texcoord="UVMap"/>
            </diffuse>
            <index_of_refraction>
              <float sid="ior">1.45</float>
            </index_of_refraction>
          </lambert>
        </technique>
      </profile_COMMON>
    </effect>
    <effect id="cable-effect">
      <profile_COMMON>
        <technique sid="common">
          <lambert>
            <emission>
              <color sid="emission">0 0 0 1</color>
            </emission>
            <diffuse>
              <color sid="diffuse">0 0 0 1</color>
            </diffuse>
            <index_of_refraction>
              <float sid="ior">1.45</float>
            </index_of_refraction>
          </lambert>
        </technique>
      </profile_COMMON>
    </effect>
    <effect id="izolator-effect">
      <profile_COMMON>
        <technique sid="common">
          <lambert>
            <emission>
              <color sid="emission">0 0 0 1</color>
            </emission>
            <diffuse>
              <color sid="diffuse">0.06789126 0.1473137 0.09538253 1</color>
            </diffuse>
            <index_of_refraction>
              <float sid="ior">1.45</float>
            </index_of_refraction>
          </lambert>
        </technique>
      </profile_COMMON>
    </effect>
  </library_effects>
  <library_images>
    <image id="cable_tower_png" name="cable_tower_png">
      <init_from>cable_tower.png</init_from>
    </image>
  </library_images>
  <library_materials>
    <material id="cable_tower-material" name="cable_tower">
      <instance_effect url="#cable_tower-effect"/>
    </material>
    <material id="cable-material" name="cable">
      <instance_effect url="#cable-effect"/>
    </material>
    <material id="izolator-material" name="izolator">
      <instance_effect url="#izolator-effect"/>
    </material>
  </library_materials>
  <library_geometries>
    <geometry id="Cylinder_004-mesh" name="Cylinder.004">
      <mesh>
        <source id="Cylinder_004-mesh-positions">
          <float_array id="Cylinder_004-mesh-positions-array" count="3240">-0.6813393 -0.02600872 -4.948551 -0.6813393 -0.02600872 4.948551 -0.6702029 -0.03243839 -4.948551 -0.6702029 -0.03243839 4.948551 -0.6702029 -0.04529774 -4.948551 -0.6702029 -0.04529774 4.948551 -0.6813393 -0.05172741 -4.948551 -0.6813393 -0.05172741 4.948551 -0.6924759 -0.04529774 -4.948551 -0.6924759 -0.04529774 4.948551 -0.6924759 -0.03243839 -4.948551 -0.6924759 -0.03243839 4.948551 -0.6458379 -0.04650551 -4.048814 -0.6206737 -0.06103402 -3.149078 -0.606833 -0.06902498 -2.249341 -0.599452 -0.07328635 -1.349605 -0.597111 -0.07463794 -0.4498684 -0.597111 -0.07463794 0.4498681 -0.599452 -0.07328635 1.349605 -0.606833 -0.06902498 2.249341 -0.6206737 -0.06103402 3.149078 -0.6458379 -0.04650551 4.048814 -0.6347014 -0.05293518 4.048814 -0.6095373 -0.06746369 3.149078 -0.5956965 -0.07545465 2.249341 -0.5883156 -0.07971602 1.349605 -0.5859745 -0.08106762 0.4498683 -0.5859745 -0.08106762 -0.4498682 -0.5883156 -0.07971602 -1.349605 -0.5956965 -0.07545465 -2.249341 -0.6095373 -0.06746369 -3.149078 -0.6347014 -0.05293518 -4.048814 -0.6347014 -0.06579452 4.048814 -0.6095373 -0.08032304 3.149078 -0.5956965 -0.08831399 2.249341 -0.5883156 -0.09257537 1.349605 -0.5859745 -0.09392696 0.4498683 -0.5859745 -0.09392696 -0.4498682 -0.5883156 -0.09257537 -1.349605 -0.5956965 -0.08831399 -2.249341 -0.6095373 -0.08032304 -3.149078 -0.6347014 -0.06579452 -4.048814 -0.6458379 -0.07222419 4.048814 -0.6206737 -0.08675271 3.149078 -0.606833 -0.09474366 2.249341 -0.599452 -0.09900504 1.349605 -0.597111 -0.1003566 0.4498683 -0.597111 -0.1003566 -0.4498682 -0.599452 -0.09900504 -1.349605 -0.606833 -0.09474366 -2.249341 -0.6206737 -0.08675271 -3.149078 -0.6458379 -0.07222419 -4.048814 -0.6569744 -0.06579452 4.048814 -0.6318103 -0.08032304 3.149078 -0.6179695 -0.08831399 2.249341 -0.6105886 -0.09257537 1.349605 -0.6082475 -0.09392696 0.4498683 -0.6082475 -0.09392696 -0.4498682 -0.6105886 -0.09257537 -1.349605 -0.6179695 -0.08831399 -2.249341 -0.6318103 -0.08032304 -3.149078 -0.6569744 -0.06579452 -4.048814 -0.6569744 -0.05293518 4.048814 -0.6318103 -0.06746369 3.149078 -0.6179695 -0.07545465 2.249341 -0.6105886 -0.07971602 1.349605 -0.6082475 -0.08106762 0.4498683 -0.6082475 -0.08106762 -0.4498682 -0.6105886 -0.07971602 -1.349605 -0.6179695 -0.07545465 -2.249341 -0.6318103 -0.06746369 -3.149078 -0.6569744 -0.05293518 -4.048814 0.1846862 -0.5260087 -4.948551 0.1846862 -0.5260087 4.948551 0.1958227 -0.5324383 -4.948551 0.1958227 -0.5324383 4.948551 0.1958227 -0.5452977 -4.948551 0.1958227 -0.5452977 4.948551 0.1846862 -0.5517274 -4.948551 0.1846862 -0.5517274 4.948551 0.1735497 -0.5452977 -4.948551 0.1735497 -0.5452977 4.948551 0.1735497 -0.5324383 -4.948551 0.1735497 -0.5324383 4.948551 0.2201877 -0.5465055 -4.048814 0.2453518 -0.561034 -3.149078 0.2591926 -0.5690249 -2.249341 0.2665735 -0.5732863 -1.349605 0.2689146 -0.574638 -0.4498685 0.2689146 -0.574638 0.4498681 0.2665735 -0.5732863 1.349605 0.2591926 -0.5690249 2.249341 0.2453518 -0.561034 3.149078 0.2201877 -0.5465055 4.048814 0.2313241 -0.5529351 4.048814 0.2564883 -0.5674636 3.149078 0.2703291 -0.5754546 2.249341 0.27771 -0.579716 1.349605 0.2800511 -0.5810676 0.4498683 0.2800511 -0.5810676 -0.4498682 0.27771 -0.579716 -1.349605 0.2703291 -0.5754546 -2.249341 0.2564883 -0.5674636 -3.149078 0.2313241 -0.5529351 -4.048814 0.2313241 -0.5657945 4.048814 0.2564883 -0.580323 3.149078 0.2703291 -0.5883139 2.249341 0.27771 -0.5925753 1.349605 0.2800511 -0.5939269 0.4498683 0.2800511 -0.5939269 -0.4498682 0.27771 -0.5925753 -1.349605 0.2703291 -0.5883139 -2.249341 0.2564883 -0.580323 -3.149078 0.2313241 -0.5657945 -4.048814 0.2201877 -0.5722241 4.048814 0.2453518 -0.5867527 3.149078 0.2591926 -0.5947436 2.249341 0.2665735 -0.599005 1.349605 0.2689146 -0.6003566 0.4498683 0.2689146 -0.6003566 -0.4498682 0.2665735 -0.599005 -1.349605 0.2591926 -0.5947436 -2.249341 0.2453518 -0.5867527 -3.149078 0.2201877 -0.5722241 -4.048814 0.2090511 -0.5657945 4.048814 0.2342153 -0.580323 3.149078 0.248056 -0.5883139 2.249341 0.255437 -0.5925753 1.349605 0.2577781 -0.5939269 0.4498683 0.2577781 -0.5939269 -0.4498682 0.255437 -0.5925753 -1.349605 0.248056 -0.5883139 -2.249341 0.2342153 -0.580323 -3.149078 0.2090511 -0.5657945 -4.048814 0.2090511 -0.5529351 4.048814 0.2342153 -0.5674636 3.149078 0.248056 -0.5754546 2.249341 0.255437 -0.579716 1.349605 0.2577781 -0.5810676 0.4498683 0.2577781 -0.5810676 -0.4498682 0.255437 -0.579716 -1.349605 0.248056 -0.5754546 -2.249341 0.2342153 -0.5674636 -3.149078 0.2090511 -0.5529351 -4.048814 0.3131685 0.6965294 -4.948551 0.3131685 0.6965294 4.948551 0.324305 0.6900997 -4.948551 0.324305 0.6900997 4.948551 0.324305 0.6772404 -4.948551 0.324305 0.6772404 4.948551 0.3131685 0.6708107 -4.948551 0.3131685 0.6708107 4.948551 0.3020319 0.6772404 -4.948551 0.3020319 0.6772404 4.948551 0.3020319 0.6900997 -4.948551 0.3020319 0.6900997 4.948551 0.34867 0.6760326 -4.048814 0.3738341 0.6615041 -3.149078 0.3876749 0.6535131 -2.249342 0.3950558 0.6492518 -1.349605 0.3973969 0.6479001 -0.4498686 0.3973969 0.6479001 0.449868 0.3950558 0.6492518 1.349604 0.3876749 0.6535131 2.249341 0.3738341 0.6615041 3.149077 0.34867 0.6760326 4.048814 0.3598065 0.6696029 4.048814 0.3849706 0.6550744 3.149078 0.3988114 0.6470835 2.249341 0.4061924 0.6428221 1.349605 0.4085334 0.6414704 0.4498682 0.4085334 0.6414704 -0.4498683 0.4061924 0.6428221 -1.349605 0.3988114 0.6470835 -2.249341 0.3849706 0.6550744 -3.149078 0.3598065 0.6696029 -4.048814 0.3598065 0.6567436 4.048814 0.3849706 0.6422151 3.149078 0.3988114 0.6342241 2.249341 0.4061924 0.6299628 1.349605 0.4085334 0.6286112 0.4498682 0.4085334 0.6286112 -0.4498683 0.4061924 0.6299628 -1.349605 0.3988114 0.6342241 -2.249341 0.3849706 0.6422151 -3.149078 0.3598065 0.6567436 -4.048814 0.34867 0.6503139 4.048814 0.3738341 0.6357854 3.149078 0.3876749 0.6277945 2.249341 0.3950558 0.6235331 1.349605 0.3973969 0.6221815 0.4498682 0.3973969 0.6221815 -0.4498683 0.3950558 0.6235331 -1.349605 0.3876749 0.6277945 -2.249341 0.3738341 0.6357854 -3.149078 0.34867 0.6503139 -4.048814 0.3375335 0.6567436 4.048814 0.3626977 0.6422151 3.149078 0.3765383 0.6342241 2.249341 0.3839193 0.6299628 1.349605 0.3862603 0.6286112 0.4498682 0.3862603 0.6286112 -0.4498683 0.3839193 0.6299628 -1.349605 0.3765383 0.6342241 -2.249341 0.3626977 0.6422151 -3.149078 0.3375335 0.6567436 -4.048814 0.3375335 0.6696029 4.048814 0.3626977 0.6550744 3.149078 0.3765383 0.6470835 2.249341 0.3839193 0.6428221 1.349605 0.3862603 0.6414704 0.4498682 0.3862603 0.6414704 -0.4498683 0.3839193 0.6428221 -1.349605 0.3765383 0.6470835 -2.249341 0.3626977 0.6550744 -3.149078 0.3375335 0.6696029 -4.048814 2.792638 -1.453946 -5.053663 -0.6714642 0.5460534 -5.053662 2.842638 -1.367344 -5.053663 -0.621464 0.6326559 -5.053662 2.792638 -1.453946 -4.953662 -0.6714642 0.5460534 -4.953662 2.842638 -1.367344 -4.953662 -0.621464 0.6326559 -4.953662 2.109243 -1.059389 -5.053663 2.159243 -0.9727861 -5.053663 2.159243 -0.9727861 -4.953662 2.109243 -1.059389 -4.953662 -0.842541 0.009739398 -4.953663 -0.4925411 0.6159573 -4.953663 -0.5271821 0.6359573 -4.953663 -0.877182 0.02973937 -4.913663 -0.5271821 0.6359573 -4.913663 -0.4925411 0.6159573 -4.943663 -0.842541 0.009739398 -4.943663 -0.877182 0.02973937 -4.953663 -0.5185218 0.6309571 -4.913663 -0.8685217 0.02473938 -4.913663 -0.8685217 0.02473938 -4.943663 -0.5185218 0.6309571 -4.943663 0.02348446 -0.4902606 -4.953663 0.3734844 0.1159572 -4.953663 0.3388434 0.1359572 -4.953663 -0.01115655 -0.4702606 -4.913663 0.3388434 0.1359572 -4.913663 0.3734844 0.1159572 -4.943663 0.02348446 -0.4902606 -4.943663 -0.01115655 -0.4702606 -4.953663 0.3475037 0.1309571 -4.913663 -0.002496242 -0.4752606 -4.913663 -0.002496242 -0.4752606 -4.943663 0.3475037 0.1309571 -4.943663 0.1904716 0.79897 -4.953663 -0.1595282 0.1927522 -4.953663 -0.1941692 0.2127522 -4.953663 0.1558306 0.81897 -4.913663 -0.1941692 0.2127522 -4.913663 -0.1595282 0.1927522 -4.943663 0.1904716 0.79897 -4.943663 0.1558306 0.81897 -4.953663 -0.1855089 0.2077522 -4.913663 0.1644909 0.8139701 -4.913663 0.1644909 0.8139701 -4.943663 -0.1855089 0.2077522 -4.943663 0.2326915 0.7301326 -4.985993 0.2215833 0.7365458 -4.964559 0.2460095 0.7532001 -4.974959 0.2273244 0.7464879 -4.959804 0.2515254 0.7627559 -4.948324 0.2297017 0.7506065 -4.948323 0.2460095 0.7532001 -4.921688 0.2273237 0.7464881 -4.936842 0.232691 0.7301328 -4.910654 0.2215836 0.7365456 -4.932088 0.2193734 0.7070649 -4.921688 0.2158432 0.7266035 -4.936842 0.2138559 0.6975105 -4.948324 0.2134659 0.7224851 -4.948323 0.2193734 0.7070649 -4.974959 0.2158439 0.726603 -4.959804 0.2270016 0.7334175 -4.985993 0.240319 0.7564855 -4.974959 0.245836 0.7660406 -4.948324 0.2403202 0.756485 -4.921687 0.2270009 0.733418 -4.910653 0.213684 0.7103496 -4.921687 0.2081665 0.7007952 -4.948324 0.2136828 0.7103503 -4.974959 0.2048223 0.7553301 -4.956211 0.2008788 0.7484999 -4.959477 0.2064549 0.7581599 -4.948322 0.2048211 0.7553308 -4.940436 0.2008786 0.7484999 -4.93717 0.1969339 0.7416701 -4.940436 0.1953008 0.7388404 -4.948322 0.1969351 0.7416694 -4.956211 0.264504 0.7117655 -4.985993 0.2533956 0.718179 -4.964559 0.2778213 0.7348337 -4.97496 0.2591364 0.7281213 -4.959803 0.2833388 0.7443884 -4.948323 0.2615135 0.7322397 -4.948322 0.2778213 0.7348337 -4.921686 0.2591364 0.7281211 -4.936842 0.264503 0.7117663 -4.910654 0.2533953 0.7181792 -4.932085 0.2511852 0.6886983 -4.921686 0.2476558 0.7082365 -4.936842 0.2456693 0.679143 -4.948323 0.2452778 0.7041185 -4.948322 0.2511852 0.6886983 -4.97496 0.2476558 0.7082365 -4.959803 0.2588134 0.7150509 -4.985991 0.2721315 0.7381187 -4.974959 0.2776473 0.7476745 -4.948323 0.2721315 0.7381187 -4.921687 0.2588127 0.7150514 -4.910653 0.2454953 0.6919832 -4.921687 0.2399778 0.6824291 -4.948323 0.2454953 0.6919832 -4.974959 0.2366347 0.7369633 -4.95621 0.2326905 0.7301331 -4.959476 0.2382676 0.7397928 -4.948324 0.2366349 0.736963 -4.940436 0.2326917 0.7301326 -4.937169 0.2287478 0.7233024 -4.940436 0.2271134 0.7204735 -4.948324 0.2287476 0.7233024 -4.95621 0.2963159 0.693399 -4.985992 0.2852087 0.6998117 -4.964559 0.3096345 0.7164664 -4.97496 0.2909489 0.7097542 -4.959803 0.3151517 0.7260213 -4.948322 0.2933261 0.7138729 -4.948324 0.3096342 0.7164664 -4.921687 0.2909498 0.7097538 -4.936842 0.2963159 0.693399 -4.910654 0.2852094 0.6998112 -4.932088 0.2829981 0.670331 -4.921687 0.2794693 0.6898689 -4.936842 0.2774823 0.6607758 -4.948322 0.2770903 0.6857517 -4.948324 0.2829983 0.670331 -4.97496 0.2794683 0.6898697 -4.959803 0.2906258 0.6966841 -4.985993 0.3039448 0.7197514 -4.97496 0.3094618 0.7293062 -4.948324 0.3039444 0.7197514 -4.921687 0.2906268 0.6966837 -4.910654 0.277309 0.6736157 -4.921687 0.2717924 0.6640608 -4.948324 0.2773087 0.6736159 -4.97496 0.2684469 0.7185965 -4.95621 0.264503 0.7117663 -4.959478 0.2700811 0.7214255 -4.948323 0.2684479 0.718596 -4.940436 0.264504 0.7117655 -4.937168 0.2605608 0.7049351 -4.940436 0.2589271 0.702106 -4.948323 0.2605598 0.7049356 -4.95621 0.2018313 0.7479501 -4.951808 0.1681969 0.7673688 -4.951808 0.2033407 0.7505646 -4.950066 0.1697065 0.7699833 -4.950066 0.2033417 0.7505639 -4.946579 0.1697072 0.7699828 -4.946579 0.2018313 0.7479501 -4.944838 0.1681988 0.7673678 -4.944837 0.2003226 0.7453346 -4.946579 0.1666882 0.7647536 -4.946579 0.2003216 0.7453354 -4.950066 0.1666874 0.7647541 -4.950066 0.3024075 0.7047625 -4.954847 0.302407 0.7047627 -4.941799 0.3261924 0.6910303 -4.954847 0.3261931 0.6910298 -4.941801 0.3261922 0.6761499 -4.954847 0.3261922 0.6761499 -4.941799 0.3133056 0.66871 -4.954847 0.3133063 0.6687095 -4.941801 0.2895208 0.6824422 -4.954847 0.2895203 0.6824424 -4.941799 0.3013747 0.7029736 -4.954847 0.3013742 0.7029739 -4.941799 0.3241265 0.6898377 -4.954848 0.3241272 0.6898375 -4.941801 0.3241272 0.6773422 -4.954848 0.324127 0.6773422 -4.941799 0.3133054 0.6710951 -4.954848 0.3133061 0.6710949 -4.941801 0.2905536 0.6842308 -4.954847 0.2905531 0.6842313 -4.941799 -0.7618163 0.007594347 -4.985993 -0.7729244 0.01400756 -4.964559 -0.7484982 0.03066205 -4.974959 -0.7671833 0.02394962 -4.959804 -0.7429824 0.04021775 -4.948324 -0.764806 0.0280683 -4.948322 -0.7484982 0.03066205 -4.921688 -0.767184 0.02395009 -4.936842 -0.7618167 0.007594585 -4.910654 -0.7729242 0.01400756 -4.932088 -0.7751343 -0.01547336 -4.921688 -0.7786646 0.004065275 -4.936842 -0.7806518 -0.02502763 -4.948323 -0.7810419 -5.29289e-5 -4.948322 -0.7751343 -0.01547336 -4.974959 -0.7786639 0.004065036 -4.959804 -0.7675061 0.01087951 -4.985993 -0.7541888 0.03394746 -4.974959 -0.7486718 0.04350244 -4.948324 -0.7541876 0.03394687 -4.921687 -0.7675068 0.01087975 -4.910653 -0.7808237 -0.01218843 -4.921687 -0.7863412 -0.02174293 -4.948324 -0.7808249 -0.01218795 -4.974959 -0.7896855 0.03279209 -4.956211 -0.7936289 0.02596175 -4.959477 -0.7880528 0.03562176 -4.948322 -0.7896867 0.0327928 -4.940436 -0.7936292 0.02596187 -4.93717 -0.7975738 0.01913189 -4.940436 -0.799207 0.01630222 -4.948322 -0.7975726 0.01913118 -4.956211 -0.7300038 -0.01077246 -4.985993 -0.7411122 -0.004359006 -4.964559 -0.7166865 0.01229548 -4.97496 -0.7353714 0.005583047 -4.959802 -0.711169 0.02185022 -4.948323 -0.7329943 0.009701728 -4.948322 -0.7166865 0.01229548 -4.921686 -0.7353714 0.005583047 -4.936842 -0.7300048 -0.01077198 -4.910653 -0.7411125 -0.004359006 -4.932085 -0.7433226 -0.03383994 -4.921686 -0.7468519 -0.01430177 -4.936842 -0.7488384 -0.04339516 -4.948323 -0.7492299 -0.0184195 -4.948322 -0.7433226 -0.03383994 -4.97496 -0.7468519 -0.01430153 -4.959802 -0.7356944 -0.007487058 -4.985991 -0.7223764 0.01558053 -4.974959 -0.7168605 0.02513623 -4.948323 -0.7223764 0.01558053 -4.921687 -0.7356951 -0.007486581 -4.910653 -0.7490125 -0.03055477 -4.921687 -0.75453 -0.04010915 -4.948322 -0.7490125 -0.03055477 -4.974959 -0.7578731 0.01442503 -4.95621 -0.7618172 0.007595062 -4.959476 -0.7562401 0.01725482 -4.948324 -0.7578728 0.01442503 -4.940436 -0.761816 0.007594585 -4.937169 -0.76576 7.64132e-4 -4.940436 -0.7673943 -0.002064704 -4.948323 -0.7657602 7.64251e-4 -4.95621 -0.6981919 -0.02913904 -4.985992 -0.7092991 -0.02272629 -4.964559 -0.6848734 -0.006071805 -4.97496 -0.7035589 -0.01278376 -4.959803 -0.6793561 0.003483057 -4.948322 -0.7011817 -0.008665323 -4.948324 -0.6848736 -0.006071686 -4.921687 -0.703558 -0.01278448 -4.936842 -0.6981919 -0.02913904 -4.910654 -0.7092984 -0.02272677 -4.932088 -0.7115097 -0.05220699 -4.921687 -0.7150385 -0.03266906 -4.936842 -0.7170255 -0.06176233 -4.948322 -0.7174175 -0.03678655 -4.948324 -0.7115095 -0.05220723 -4.97496 -0.7150395 -0.03266859 -4.959803 -0.703882 -0.02585387 -4.985993 -0.690563 -0.002786874 -4.97496 -0.685046 0.006768107 -4.948324 -0.6905634 -0.002786636 -4.921687 -0.703881 -0.02585458 -4.910654 -0.7171989 -0.0489223 -4.921687 -0.7227154 -0.05847728 -4.948324 -0.7171991 -0.0489223 -4.97496 -0.7260609 -0.003941774 -4.956209 -0.7300048 -0.01077198 -4.959478 -0.7244268 -0.001112699 -4.948323 -0.7260599 -0.003942251 -4.940436 -0.7300038 -0.01077246 -4.937168 -0.733947 -0.01760303 -4.940436 -0.7355807 -0.02043223 -4.948323 -0.733948 -0.01760256 -4.956209 -0.7926765 0.02541184 -4.951808 -0.8263109 0.04483067 -4.951808 -0.791167 0.02802634 -4.950066 -0.8248012 0.04744505 -4.950066 -0.7911661 0.02802574 -4.946579 -0.8248005 0.04744458 -4.946579 -0.7926765 0.02541184 -4.944838 -0.826309 0.0448296 -4.944837 -0.7941852 0.02279651 -4.946579 -0.8278196 0.04221534 -4.946579 -0.7941861 0.0227971 -4.950066 -0.8278203 0.04221582 -4.950066 -0.6921003 -0.01777565 -4.954847 -0.6921008 -0.01777541 -4.941798 -0.6683154 -0.03150784 -4.954847 -0.6683147 -0.03150832 -4.941801 -0.6683157 -0.04638814 -4.954847 -0.6683157 -0.04638814 -4.941799 -0.6812022 -0.05382812 -4.954847 -0.6812015 -0.05382859 -4.941801 -0.7049871 -0.04009592 -4.954847 -0.7049875 -0.04009568 -4.941798 -0.6931331 -0.01956462 -4.954847 -0.6931336 -0.01956439 -4.941798 -0.6703813 -0.0327003 -4.954847 -0.6703806 -0.03270077 -4.9418 -0.6703806 -0.04519605 -4.954848 -0.6703808 -0.04519581 -4.941799 -0.6812024 -0.05144298 -4.954847 -0.6812017 -0.05144333 -4.9418 -0.7039542 -0.03830718 -4.954847 -0.7039547 -0.03830695 -4.941798 0.1042091 -0.4924056 -4.985993 0.09310102 -0.4859924 -4.964559 0.1175272 -0.4693379 -4.974959 0.09884214 -0.4760503 -4.959804 0.123043 -0.4597823 -4.948324 0.1012194 -0.4719318 -4.948322 0.1175272 -0.4693379 -4.921688 0.09884142 -0.47605 -4.936842 0.1042087 -0.4924054 -4.910654 0.09310126 -0.4859925 -4.932088 0.09089112 -0.5154733 -4.921688 0.08736085 -0.4959347 -4.936842 0.08537364 -0.5250276 -4.948324 0.08498358 -0.500053 -4.948322 0.09089112 -0.5154733 -4.974959 0.08736157 -0.495935 -4.959804 0.09851932 -0.4891206 -4.985993 0.1118366 -0.4660525 -4.974959 0.1173536 -0.4564976 -4.948324 0.1118378 -0.4660531 -4.921687 0.09851861 -0.4891202 -4.910653 0.08520174 -0.5121885 -4.921687 0.07968425 -0.5217429 -4.948324 0.08520054 -0.5121879 -4.974959 0.07633996 -0.467208 -4.956211 0.07239651 -0.4740383 -4.959477 0.07797265 -0.4643782 -4.948322 0.07633876 -0.4672073 -4.940436 0.07239627 -0.4740381 -4.93717 0.06845164 -0.4808681 -4.940436 0.06681847 -0.4836978 -4.948322 0.06845283 -0.4808688 -4.956211 0.1360216 -0.5107725 -4.985993 0.1249132 -0.5043591 -4.964559 0.1493389 -0.4877045 -4.97496 0.130654 -0.4944169 -4.959802 0.1548564 -0.4781498 -4.948323 0.1330311 -0.4902983 -4.948322 0.1493389 -0.4877045 -4.921686 0.130654 -0.494417 -4.936842 0.1360206 -0.5107719 -4.910653 0.1249129 -0.504359 -4.932085 0.1227028 -0.5338399 -4.921686 0.1191735 -0.5143017 -4.936842 0.117187 -0.5433952 -4.948323 0.1167955 -0.5184196 -4.948322 0.1227028 -0.5338399 -4.97496 0.1191735 -0.5143016 -4.959802 0.130331 -0.5074871 -4.985991 0.1436491 -0.4844195 -4.974959 0.1491649 -0.4748638 -4.948323 0.1436491 -0.4844195 -4.921687 0.1303303 -0.5074867 -4.910653 0.1170129 -0.5305548 -4.921687 0.1114954 -0.5401092 -4.948323 0.1170129 -0.5305548 -4.974959 0.1081523 -0.4855749 -4.95621 0.1042082 -0.492405 -4.959476 0.1097853 -0.4827452 -4.948324 0.1081526 -0.485575 -4.940436 0.1042094 -0.4924054 -4.937169 0.1002655 -0.4992359 -4.940436 0.09863114 -0.5020647 -4.948324 0.1002652 -0.4992358 -4.95621 0.1678335 -0.5291391 -4.985992 0.1567263 -0.5227264 -4.964559 0.1811521 -0.5060718 -4.97496 0.1624665 -0.5127838 -4.959803 0.1866693 -0.496517 -4.948322 0.1648437 -0.5086653 -4.948324 0.1811518 -0.5060717 -4.921687 0.1624674 -0.5127844 -4.936842 0.1678335 -0.5291391 -4.910654 0.156727 -0.5227268 -4.932088 0.1545157 -0.5522071 -4.921687 0.1509869 -0.5326691 -4.936842 0.1489999 -0.5617623 -4.948322 0.1486079 -0.5367865 -4.948324 0.1545159 -0.5522072 -4.97496 0.1509859 -0.5326685 -4.959803 0.1621434 -0.5258539 -4.985993 0.1754624 -0.5027869 -4.97496 0.1809794 -0.4932319 -4.948324 0.175462 -0.5027866 -4.921687 0.1621444 -0.5258545 -4.910654 0.1488265 -0.5489224 -4.921687 0.14331 -0.5584773 -4.948324 0.1488263 -0.5489223 -4.97496 0.1399645 -0.5039417 -4.956209 0.1360206 -0.5107719 -4.959478 0.1415987 -0.5011127 -4.948323 0.1399655 -0.5039422 -4.940436 0.1360216 -0.5107725 -4.937168 0.1320784 -0.517603 -4.940436 0.1304447 -0.5204322 -4.948323 0.1320774 -0.5176026 -4.956209 0.07334899 -0.4745882 -4.951808 0.03971457 -0.4551693 -4.951808 0.07485842 -0.4719737 -4.950066 0.04122424 -0.452555 -4.950066 0.07485938 -0.4719743 -4.946579 0.04122495 -0.4525554 -4.946579 0.07334899 -0.4745882 -4.944838 0.03971648 -0.4551704 -4.944837 0.07184028 -0.4772035 -4.946579 0.03820586 -0.4577847 -4.946579 0.07183933 -0.4772029 -4.950066 0.03820514 -0.4577842 -4.950066 0.1739251 -0.5177757 -4.954847 0.1739246 -0.5177754 -4.941798 0.19771 -0.5315079 -4.954847 0.1977107 -0.5315083 -4.941801 0.1977097 -0.5463882 -4.954847 0.1977097 -0.5463882 -4.941799 0.1848232 -0.5538281 -4.954847 0.1848239 -0.5538286 -4.941801 0.1610383 -0.5400959 -4.954847 0.1610379 -0.5400957 -4.941798 0.1728923 -0.5195646 -4.954847 0.1728918 -0.5195643 -4.941798 0.1956441 -0.5327004 -4.954847 0.1956448 -0.5327007 -4.941801 0.1956448 -0.545196 -4.954848 0.1956446 -0.5451959 -4.941799 0.184823 -0.551443 -4.954847 0.1848237 -0.5514433 -4.941801 0.1620712 -0.5383072 -4.954847 0.1620707 -0.538307 -4.941798 2.792639 -1.453945 4.845835 -0.6714633 0.5460544 4.845835 2.842639 -1.367343 4.845835 -0.6214631 0.6326568 4.845835 2.792639 -1.453945 4.945835 -0.6714633 0.5460544 4.945835 2.842639 -1.367343 4.945835 -0.6214631 0.6326568 4.945835 2.109244 -1.059388 4.845835 2.159244 -0.9727852 4.845835 2.159244 -0.9727851 4.945835 2.109244 -1.059388 4.945835 -0.84254 0.009740352 4.945835 -0.4925401 0.6159582 4.945835 -0.5271812 0.6359582 4.945835 -0.8771811 0.02974033 4.985835 -0.5271812 0.6359582 4.985835 -0.4925401 0.6159582 4.955835 -0.84254 0.009740352 4.955835 -0.8771811 0.02974033 4.945835 -0.5185208 0.6309581 4.985835 -0.8685207 0.02474033 4.985835 -0.8685207 0.02474033 4.955835 -0.5185208 0.6309581 4.955835 0.02348542 -0.4902597 4.945835 0.3734853 0.1159582 4.945835 0.3388443 0.1359581 4.945835 -0.0111556 -0.4702597 4.985835 0.3388443 0.1359581 4.985835 0.3734853 0.1159582 4.955835 0.02348542 -0.4902597 4.955835 -0.0111556 -0.4702597 4.945835 0.3475046 0.130958 4.985835 -0.002495288 -0.4752597 4.985835 -0.002495288 -0.4752597 4.955835 0.3475046 0.130958 4.955835 0.1904726 0.7989709 4.945835 -0.1595273 0.1927531 4.945835 -0.1941683 0.2127531 4.945835 0.1558315 0.8189709 4.985835 -0.1941683 0.2127531 4.985835 -0.1595273 0.1927531 4.955835 0.1904726 0.7989709 4.955835 0.1558315 0.8189709 4.945835 -0.185508 0.2077531 4.985835 0.1644918 0.8139711 4.985835 0.1644918 0.8139711 4.955835 -0.185508 0.2077531 4.955835 0.2326924 0.7301335 4.913504 0.2215843 0.7365468 4.934939 0.2460105 0.753201 4.924538 0.2273254 0.7464888 4.939693 0.2515264 0.7627568 4.951174 0.2297027 0.7506075 4.951175 0.2460105 0.753201 4.977809 0.2273247 0.7464891 4.962655 0.232692 0.7301338 4.988844 0.2215845 0.7365465 4.96741 0.2193744 0.7070658 4.977809 0.2158441 0.7266045 4.962655 0.2138569 0.6975114 4.951174 0.2134668 0.722486 4.951175 0.2193744 0.7070658 4.924538 0.2158448 0.726604 4.939693 0.2270026 0.7334185 4.913505 0.2403199 0.7564864 4.924539 0.2458369 0.7660415 4.951174 0.2403211 0.7564859 4.97781 0.2270019 0.733419 4.988844 0.213685 0.7103505 4.97781 0.2081675 0.7007961 4.951174 0.2136838 0.7103512 4.924539 0.2048232 0.755331 4.943286 0.2008798 0.7485008 4.940021 0.2064559 0.7581608 4.951176 0.204822 0.7553318 4.959061 0.2008795 0.7485008 4.962327 0.1969349 0.7416711 4.959061 0.1953017 0.7388413 4.951176 0.1969361 0.7416704 4.943286 0.2645049 0.7117665 4.913505 0.2533965 0.71818 4.934938 0.2778223 0.7348347 4.924538 0.2591374 0.7281222 4.939695 0.2833397 0.7443893 4.951174 0.2615144 0.7322407 4.951175 0.2778223 0.7348347 4.977811 0.2591374 0.728122 4.962655 0.264504 0.7117672 4.988844 0.2533963 0.7181802 4.967412 0.2511861 0.6886993 4.977811 0.2476568 0.7082374 4.962655 0.2456703 0.6791439 4.951174 0.2452788 0.7041195 4.951175 0.2511861 0.6886993 4.924538 0.2476568 0.7082374 4.939695 0.2588143 0.7150519 4.913506 0.2721324 0.7381196 4.924538 0.2776482 0.7476754 4.951175 0.2721324 0.7381196 4.97781 0.2588136 0.7150524 4.988844 0.2454962 0.6919842 4.97781 0.2399787 0.68243 4.951175 0.2454962 0.6919842 4.924538 0.2366356 0.7369642 4.943287 0.2326915 0.730134 4.940021 0.2382686 0.7397938 4.951174 0.2366359 0.736964 4.959062 0.2326927 0.7301335 4.962329 0.2287487 0.7233033 4.959062 0.2271144 0.7204745 4.951174 0.2287485 0.7233033 4.943287 0.2963169 0.6933999 4.913505 0.2852097 0.6998127 4.934938 0.3096354 0.7164674 4.924538 0.2909498 0.7097552 4.939695 0.3151527 0.7260223 4.951175 0.2933271 0.7138739 4.951174 0.3096352 0.7164674 4.977811 0.2909508 0.7097547 4.962655 0.2963169 0.6933999 4.988844 0.2852104 0.6998122 4.967409 0.282999 0.670332 4.977811 0.2794702 0.6898699 4.962655 0.2774832 0.6607767 4.951175 0.2770913 0.6857526 4.951174 0.2829993 0.670332 4.924538 0.2794693 0.6898706 4.939695 0.2906268 0.6966851 4.913505 0.3039458 0.7197523 4.924537 0.3094628 0.7293072 4.951173 0.3039453 0.7197523 4.97781 0.2906277 0.6966846 4.988844 0.2773099 0.6736167 4.977811 0.2717934 0.6640618 4.951173 0.2773097 0.6736169 4.924537 0.2684479 0.7185974 4.943288 0.264504 0.7117672 4.940019 0.270082 0.7214265 4.951174 0.2684488 0.7185969 4.959061 0.2645049 0.7117665 4.962329 0.2605617 0.704936 4.959061 0.2589281 0.702107 4.951174 0.2605608 0.7049365 4.943288 0.2018322 0.747951 4.947689 0.1681978 0.7673698 4.947689 0.2033417 0.7505655 4.949431 0.1697075 0.7699843 4.949431 0.2033426 0.7505648 4.952918 0.1697082 0.7699838 4.952918 0.2018322 0.747951 4.95466 0.1681997 0.7673688 4.954661 0.2003235 0.7453356 4.952918 0.1666891 0.7647545 4.952918 0.2003226 0.7453363 4.949431 0.1666884 0.764755 4.949431 0.3024085 0.7047634 4.94465 0.302408 0.7047637 4.957699 0.3261933 0.6910312 4.944651 0.3261941 0.6910308 4.957697 0.3261931 0.6761508 4.94465 0.3261931 0.6761508 4.957698 0.3133066 0.668711 4.944651 0.3133073 0.6687105 4.957697 0.2895217 0.6824432 4.94465 0.2895212 0.6824434 4.957699 0.3013756 0.7029746 4.94465 0.3013752 0.7029748 4.957699 0.3241274 0.6898387 4.94465 0.3241282 0.6898384 4.957697 0.3241282 0.6773431 4.944649 0.3241279 0.6773431 4.957698 0.3133063 0.6710961 4.94465 0.3133071 0.6710959 4.957697 0.2905545 0.6842318 4.94465 0.2905541 0.6842322 4.957699 -0.7618153 0.0075953 4.913504 -0.7729235 0.01400852 4.934939 -0.7484973 0.03066301 4.924539 -0.7671824 0.02395057 4.939693 -0.7429814 0.04021871 4.951174 -0.7648051 0.02806925 4.951175 -0.7484973 0.03066301 4.97781 -0.7671831 0.02395105 4.962656 -0.7618158 0.007595539 4.988844 -0.7729232 0.01400852 4.96741 -0.7751334 -0.01547241 4.97781 -0.7786636 0.004066228 4.962656 -0.7806509 -0.02502667 4.951174 -0.7810409 -5.19752e-5 4.951175 -0.7751334 -0.01547241 4.924539 -0.7786629 0.00406599 4.939693 -0.7675052 0.01088047 4.913505 -0.7541878 0.03394842 4.924539 -0.7486708 0.0435034 4.951174 -0.7541866 0.03394782 4.97781 -0.7675059 0.0108807 4.988844 -0.7808228 -0.01218748 4.97781 -0.7863402 -0.02174198 4.951174 -0.780824 -0.012187 4.924539 -0.7896845 0.03279304 4.943287 -0.793628 0.02596271 4.940021 -0.7880519 0.03562271 4.951176 -0.7896857 0.03279376 4.959061 -0.7936282 0.02596282 4.962328 -0.7975729 0.01913285 4.959061 -0.799206 0.01630318 4.951176 -0.7975717 0.01913213 4.943287 -0.7300029 -0.01077151 4.913505 -0.7411113 -0.004358053 4.934938 -0.7166855 0.01229643 4.924538 -0.7353704 0.005584001 4.939695 -0.7111681 0.02185118 4.951174 -0.7329934 0.009702682 4.951176 -0.7166855 0.01229643 4.977811 -0.7353704 0.005584001 4.962655 -0.7300038 -0.01077103 4.988844 -0.7411115 -0.004358053 4.967412 -0.7433217 -0.03383898 4.977811 -0.746851 -0.01430082 4.962655 -0.7488375 -0.0433942 4.951174 -0.749229 -0.01841855 4.951176 -0.7433217 -0.03383898 4.924538 -0.746851 -0.01430058 4.939695 -0.7356935 -0.007486104 4.913506 -0.7223754 0.01558148 4.924538 -0.7168596 0.02513718 4.951175 -0.7223754 0.01558148 4.977811 -0.7356942 -0.007485628 4.988844 -0.7490115 -0.03055381 4.977811 -0.754529 -0.0401082 4.951175 -0.7490115 -0.03055381 4.924538 -0.7578721 0.01442599 4.943287 -0.7618163 0.007596015 4.940021 -0.7562392 0.01725578 4.951174 -0.7578719 0.01442599 4.959062 -0.7618151 0.007595539 4.962329 -0.765759 7.65085e-4 4.959062 -0.7673934 -0.002063751 4.951174 -0.7657592 7.65204e-4 4.943287 -0.6981909 -0.02913808 4.913505 -0.7092981 -0.02272534 4.934938 -0.6848724 -0.006070852 4.924538 -0.703558 -0.01278281 4.939695 -0.6793552 0.00348401 4.951175 -0.7011807 -0.008664369 4.951174 -0.6848726 -0.006070733 4.977811 -0.703557 -0.01278352 4.962655 -0.6981909 -0.02913808 4.988844 -0.7092974 -0.02272582 4.967409 -0.7115088 -0.05220603 4.977811 -0.7150376 -0.03266811 4.962655 -0.7170246 -0.06176137 4.951175 -0.7174165 -0.0367856 4.951174 -0.7115085 -0.05220627 4.924538 -0.7150385 -0.03266763 4.939695 -0.703881 -0.02585291 4.913505 -0.690562 -0.002785921 4.924537 -0.685045 0.006769061 4.951173 -0.6905625 -0.002785682 4.97781 -0.7038801 -0.02585363 4.988844 -0.7171979 -0.04892134 4.977811 -0.7227144 -0.05847632 4.951173 -0.7171981 -0.04892134 4.924537 -0.7260599 -0.00394082 4.943288 -0.7300038 -0.01077103 4.94002 -0.7244258 -0.001111745 4.951174 -0.726059 -0.003941297 4.959062 -0.7300029 -0.01077151 4.96233 -0.7339461 -0.01760208 4.959062 -0.7355797 -0.02043128 4.951174 -0.733947 -0.0176016 4.943288 -0.7926755 0.02541279 4.947689 -0.8263099 0.04483163 4.947689 -0.7911661 0.02802729 4.949431 -0.8248003 0.04744601 4.949432 -0.7911651 0.0280267 4.952918 -0.8247995 0.04744553 4.952918 -0.7926755 0.02541279 4.95466 -0.826308 0.04483056 4.954661 -0.7941842 0.02279746 4.952918 -0.8278186 0.0422163 4.952918 -0.7941852 0.02279806 4.949431 -0.8278194 0.04221677 4.949432 -0.6920993 -0.0177747 4.94465 -0.6920998 -0.01777446 4.957699 -0.6683145 -0.03150689 4.944651 -0.6683138 -0.03150737 4.957697 -0.6683147 -0.04638719 4.94465 -0.6683147 -0.04638719 4.957698 -0.6812012 -0.05382716 4.944651 -0.6812005 -0.05382764 4.957697 -0.7049861 -0.04009497 4.94465 -0.7049866 -0.04009473 4.957699 -0.6931322 -0.01956367 4.94465 -0.6931326 -0.01956343 4.957699 -0.6703804 -0.03269934 4.94465 -0.6703796 -0.03269982 4.957697 -0.6703796 -0.0451951 4.944649 -0.6703799 -0.04519486 4.957699 -0.6812015 -0.05144202 4.94465 -0.6812008 -0.05144238 4.957697 -0.7039533 -0.03830623 4.94465 -0.7039538 -0.03830599 4.957699 0.1042101 -0.4924046 4.913504 0.09310197 -0.4859914 4.934939 0.1175282 -0.469337 4.924539 0.09884309 -0.4760494 4.939693 0.123044 -0.4597813 4.951174 0.1012203 -0.4719308 4.951175 0.1175282 -0.469337 4.977809 0.09884238 -0.476049 4.962655 0.1042096 -0.4924044 4.988844 0.09310221 -0.4859915 4.96741 0.09089207 -0.5154724 4.977809 0.08736181 -0.4959337 4.962656 0.08537459 -0.5250267 4.951174 0.08498454 -0.500052 4.951175 0.09089207 -0.5154724 4.924539 0.08736252 -0.4959341 4.939693 0.09852027 -0.4891196 4.913505 0.1118376 -0.4660516 4.924539 0.1173546 -0.4564966 4.951174 0.1118388 -0.4660522 4.97781 0.09851956 -0.4891192 4.988844 0.08520269 -0.5121876 4.97781 0.07968521 -0.521742 4.951174 0.0852015 -0.512187 4.924539 0.07634091 -0.467207 4.943287 0.07239747 -0.4740373 4.940021 0.0779736 -0.4643773 4.951176 0.07633972 -0.4672063 4.959061 0.07239723 -0.4740372 4.962327 0.06845259 -0.4808672 4.959061 0.06681942 -0.4836968 4.951176 0.06845378 -0.4808679 4.943287 0.1360225 -0.5107716 4.913505 0.1249141 -0.5043581 4.934938 0.1493399 -0.4877036 4.924538 0.130655 -0.4944159 4.939695 0.1548573 -0.4781488 4.951174 0.133032 -0.4902974 4.951175 0.1493399 -0.4877036 4.977811 0.130655 -0.4944161 4.962655 0.1360216 -0.510771 4.988844 0.1249139 -0.504358 4.967412 0.1227037 -0.5338389 4.977811 0.1191744 -0.5143008 4.962655 0.1171879 -0.5433942 4.951174 0.1167964 -0.5184186 4.951175 0.1227037 -0.5338389 4.924538 0.1191744 -0.5143007 4.939695 0.1303319 -0.5074862 4.913506 0.14365 -0.4844185 4.924538 0.1491658 -0.4748628 4.951175 0.14365 -0.4844185 4.97781 0.1303312 -0.5074857 4.988844 0.1170139 -0.5305539 4.97781 0.1114964 -0.5401082 4.951175 0.1170139 -0.5305539 4.924538 0.1081533 -0.485574 4.943287 0.1042091 -0.4924041 4.940021 0.1097862 -0.4827442 4.951174 0.1081535 -0.4855741 4.959062 0.1042103 -0.4924045 4.962329 0.1002664 -0.4992349 4.959062 0.09863209 -0.5020638 4.951174 0.1002662 -0.4992348 4.943287 0.1678345 -0.5291382 4.913505 0.1567273 -0.5227254 4.934938 0.181153 -0.5060709 4.924538 0.1624674 -0.5127829 4.939695 0.1866703 -0.496516 4.951175 0.1648447 -0.5086643 4.951174 0.1811528 -0.5060707 4.977811 0.1624684 -0.5127835 4.962655 0.1678345 -0.5291382 4.988844 0.156728 -0.5227259 4.967409 0.1545166 -0.5522061 4.977811 0.1509878 -0.5326682 4.962655 0.1490008 -0.5617614 4.951175 0.1486089 -0.5367856 4.951174 0.1545169 -0.5522062 4.924538 0.1509869 -0.5326676 4.939695 0.1621444 -0.525853 4.913505 0.1754634 -0.5027859 4.924537 0.1809804 -0.4932309 4.951173 0.1754629 -0.5027857 4.97781 0.1621453 -0.5258536 4.988844 0.1488275 -0.5489214 4.977811 0.143311 -0.5584763 4.951173 0.1488273 -0.5489213 4.924537 0.1399655 -0.5039408 4.943288 0.1360216 -0.510771 4.940019 0.1415996 -0.5011118 4.951174 0.1399664 -0.5039412 4.959061 0.1360225 -0.5107716 4.962329 0.1320793 -0.5176021 4.959061 0.1304457 -0.5204313 4.951174 0.1320784 -0.5176016 4.943288 0.07334995 -0.4745872 4.947689 0.03971552 -0.4551684 4.947689 0.07485938 -0.4719727 4.949431 0.04122519 -0.452554 4.949432 0.07486033 -0.4719733 4.952918 0.04122591 -0.4525545 4.952918 0.07334995 -0.4745872 4.95466 0.03971743 -0.4551694 4.954661 0.07184123 -0.4772025 4.952918 0.03820681 -0.4577837 4.952918 0.07184028 -0.4772019 4.949431 0.0382061 -0.4577832 4.949432 0.1739261 -0.5177747 4.94465 0.1739256 -0.5177745 4.957699 0.1977109 -0.5315069 4.944651 0.1977117 -0.5315074 4.957697 0.1977107 -0.5463873 4.94465 0.1977107 -0.5463873 4.957698 0.1848242 -0.5538272 4.944651 0.1848249 -0.5538277 4.957697 0.1610393 -0.540095 4.94465 0.1610388 -0.5400947 4.957699 0.1728932 -0.5195636 4.94465 0.1728928 -0.5195634 4.957699 0.195645 -0.5326994 4.94465 0.1956458 -0.5326998 4.957697 0.1956458 -0.5451951 4.944649 0.1956455 -0.5451949 4.957698 0.1848239 -0.551442 4.94465 0.1848247 -0.5514424 4.957697 0.1620721 -0.5383062 4.94465 0.1620717 -0.538306 4.957699</float_array>
          <technique_common>
            <accessor source="#Cylinder_004-mesh-positions-array" count="1080" stride="3">
              <param name="X" type="float"/>
              <param name="Y" type="float"/>
              <param name="Z" type="float"/>
            </accessor>
          </technique_common>
        </source>
        <source id="Cylinder_004-mesh-normals">
          <float_array id="Cylinder_004-mesh-normals-array" count="5352">0.001994311 0.9998108 -0.01935166 0.8594019 0.5108156 0.022273 0.8666884 0.4984666 0.01955676 0.8651295 -0.4994792 0.04551464 0.8653731 -0.4996227 0.03881555 0.001658618 -0.9998074 0.01955682 -0.01267808 -0.9996716 0.0222733 -0.8648654 -0.5016309 -0.01935166 -1.30066e-5 0 1 0 0 1 -1.30066e-5 0 1 -0.8719308 -0.4890764 -0.02326267 -0.8653669 0.4996204 -0.03897935 -0.01241034 0.9996524 -0.02326279 -1.30066e-5 0 -1 -1.30066e-5 0 -1 0 0 -1 -0.8653669 0.4996204 0.03897935 -0.0124098 0.9996525 0.02326279 -0.865128 0.4994817 0.04551458 -0.8657532 0.4998426 0.02507776 0.001992464 0.9998108 0.0193516 -0.8659455 0.4999526 0.01363414 0.002073347 0.9999205 0.01243919 -0.8660084 0.4999906 0.006244659 0.001162707 0.9999763 0.006785929 -0.8660249 0.4999988 0.001502871 8.94925e-4 0.9999949 0.003111124 4.15519e-4 0.9999997 -7.502e-4 4.14792e-4 0.9999997 7.50217e-4 -0.8660247 0.4999989 -0.001502931 8.97301e-4 0.9999948 -0.003111064 -0.8660079 0.4999912 -0.006244719 0.001163899 0.9999763 -0.006785869 -0.8659451 0.4999534 -0.01363426 0.002073526 0.9999206 -0.01243901 -0.8657526 0.4998437 -0.02507776 -0.8719308 -0.4890764 0.02326267 -0.8648657 -0.5016302 0.01935172 -0.8649194 -0.5017566 0.01243913 -0.8654236 -0.5009949 0.006785869 -0.8655722 -0.5007748 0.003111124 -0.8658183 -0.500358 -7.50202e-4 -0.8658175 -0.5003597 7.50202e-4 -0.8655725 -0.5007743 -0.003111124 -0.8654232 -0.5009959 -0.006785869 -0.8649206 -0.5017545 -0.01243913 -0.01267808 -0.9996716 -0.02227324 0.001659095 -0.9998074 -0.01955687 0.001931846 -0.9999189 -0.01258367 0.001121163 -0.9999761 -0.006830811 8.87938e-4 -0.9999948 -0.003127157 4.13325e-4 -0.9999997 7.52014e-4 4.17705e-4 -0.9999997 -7.52017e-4 8.86523e-4 -0.9999948 0.003127157 0.001120388 -0.999976 0.006830811 0.0019297 -0.9999191 0.01258373 0.8651295 -0.4994792 -0.04551464 0.8653738 -0.4996216 -0.03881555 0.8657553 -0.4998447 -0.02496212 0.8659456 -0.4999532 -0.01359826 0.8660089 -0.4999899 -0.006231844 0.8660248 -0.4999989 0.001501441 0.866026 -0.499997 -0.001501441 0.8660082 -0.4999909 0.006231844 0.865945 -0.4999545 0.01359826 0.8657558 -0.4998437 0.02496218 0.8666875 0.4984681 -0.01955676 0.8594022 0.5108151 -0.022273 0.8669207 0.4982873 -0.01258379 0.8665648 0.4990181 -0.006830811 0.8664636 0.4992305 -0.003127157 0.8662331 0.4996398 -7.52006e-4 0.8662327 0.4996403 7.52002e-4 0.8664638 0.49923 0.003127157 0.8665658 0.4990162 0.006830811 0.8669202 0.4982882 0.01258379 0.001992464 0.9998108 -0.01935172 0.8594005 0.5108178 0.022273 0.8666879 0.4984675 0.01955676 0.8651285 -0.499481 0.04551446 0.8653734 -0.4996222 0.03881555 0.001658558 -0.9998074 0.01955687 -0.01267868 -0.9996715 0.02227294 -0.8648657 -0.5016303 -0.01935166 1.30065e-5 0 1 -0.8719302 -0.4890775 -0.02326279 -0.8653675 0.4996197 -0.03897947 -0.01241213 0.9996524 -0.02326261 -1.30066e-5 0 -1 1.04052e-4 0 -1 1.30065e-5 0 -1 -0.8653674 0.49962 0.03897941 -0.01241213 0.9996524 0.02326261 -0.8651278 0.4994823 0.04551452 -0.8657526 0.4998434 0.02507781 0.001992762 0.9998108 0.01935172 -0.8659449 0.4999535 0.01363414 0.002073705 0.9999206 0.01243925 -0.8660089 0.4999896 0.006244659 0.001164257 0.9999763 0.006785929 -0.8660233 0.5000014 0.001502871 8.95036e-4 0.9999948 0.003111124 4.15462e-4 0.9999997 -7.50172e-4 4.15207e-4 0.9999997 7.50191e-4 -0.866023 0.5000021 -0.001502931 8.94948e-4 0.9999948 -0.003111064 -0.8660091 0.4999894 -0.006244719 0.001163721 0.9999763 -0.006785869 -0.8659448 0.4999539 -0.0136342 0.002073705 0.9999206 -0.01243913 -0.8657527 0.4998434 -0.02507787 -0.8719302 -0.4890775 0.02326279 -0.864866 -0.5016299 0.01935172 -0.8649203 -0.5017552 0.01243913 -0.8654232 -0.5009958 0.006785869 -0.8655731 -0.5007731 0.003111124 -0.8658182 -0.5003584 -7.50234e-4 -0.8658176 -0.5003594 7.50234e-4 -0.8655731 -0.500773 -0.003111124 -0.8654229 -0.5009965 -0.006785869 -0.8649201 -0.5017553 -0.01243913 -0.01267868 -0.9996715 -0.02227294 0.001658141 -0.9998074 -0.01955682 0.001931488 -0.9999189 -0.01258373 0.001121163 -0.9999761 -0.006830751 8.85356e-4 -0.9999948 -0.003127157 4.13994e-4 -0.9999997 7.51978e-4 4.14836e-4 -0.9999997 -7.51979e-4 8.85275e-4 -0.9999948 0.003127157 0.001121997 -0.999976 0.006830751 0.001930773 -0.9999189 0.01258373 0.8651285 -0.499481 -0.04551446 0.8653734 -0.4996222 -0.03881555 0.8657559 -0.4998435 -0.02496212 0.8659452 -0.4999541 -0.0135982 0.8660085 -0.4999905 -0.006231844 0.8660249 -0.4999987 0.001501441 0.8660246 -0.4999992 -0.001501441 0.8660084 -0.4999908 0.006231844 0.8659454 -0.4999538 0.01359826 0.8657559 -0.4998437 0.02496218 0.8666879 0.4984675 -0.01955676 0.8594005 0.5108178 -0.022273 0.8669204 0.4982878 -0.01258379 0.8665649 0.4990177 -0.006830751 0.8664643 0.4992293 -0.003127157 0.8662317 0.4996421 -7.52026e-4 0.8662309 0.4996435 7.52022e-4 0.8664638 0.4992302 0.003127157 0.8665654 0.4990169 0.006830751 0.8669205 0.4982877 0.01258379 0.001988291 0.9998108 -0.01935189 0.8593998 0.5108189 0.02227318 0.8666872 0.4984688 0.0195567 0.8651279 -0.4994822 0.04551458 0.8653727 -0.4996236 0.03881537 0.001653611 -0.9998074 0.01955664 -0.01267999 -0.9996715 0.022273 -0.8648674 -0.5016273 -0.01935172 2.6013e-5 0 1 2.6013e-5 0 1 2.6013e-5 0 1 -0.8719301 -0.4890774 -0.02326279 -0.8653688 0.4996174 -0.03897947 -0.01241338 0.9996524 -0.02326273 2.6013e-5 0 -1 2.60131e-5 0 -1 -0.8653688 0.4996174 0.03897947 -0.01241338 0.9996524 0.02326273 -0.8651278 0.4994823 0.0455147 -0.865754 0.4998412 0.02507764 0.001988232 0.9998108 0.01935189 -0.8659451 0.4999532 0.01363414 0.002070069 0.9999206 0.01243907 -0.8660084 0.4999904 0.006244659 0.001163601 0.9999763 0.006785929 -0.8660241 0.5 0.001502931 8.96306e-4 0.9999949 0.003111183 4.14829e-4 0.9999997 -7.5023e-4 4.14178e-4 0.9999997 7.50247e-4 -0.8660241 0.5000001 -0.001502931 8.9555e-4 0.9999948 -0.003111124 -0.8660085 0.4999906 -0.006244778 0.001163125 0.9999763 -0.006785869 -0.8659451 0.4999533 -0.0136342 0.002068758 0.9999206 -0.01243901 -0.8657543 0.4998407 -0.0250777 -0.8719301 -0.4890774 0.02326279 -0.864867 -0.5016281 0.01935172 -0.8649219 -0.5017523 0.01243919 -0.865423 -0.5009961 0.006785809 -0.8655729 -0.5007734 0.003111124 -0.8658182 -0.5003584 -7.50203e-4 -0.8658179 -0.5003589 7.50202e-4 -0.8655722 -0.5007746 -0.003111124 -0.8654234 -0.5009956 -0.006785809 -0.8649211 -0.5017536 -0.01243913 -0.01267999 -0.9996715 -0.022273 0.001654446 -0.9998074 -0.01955664 0.001926839 -0.9999191 -0.01258367 0.001121759 -0.9999761 -0.006830811 8.8648e-4 -0.9999948 -0.003127157 4.12668e-4 -0.9999997 7.51997e-4 4.13165e-4 -0.9999997 -7.52e-4 8.87367e-4 -0.9999948 0.003127157 0.001119792 -0.9999761 0.006830751 0.001927614 -0.999919 0.01258367 0.8651279 -0.4994822 -0.04551458 0.8653726 -0.4996235 -0.03881543 0.8657552 -0.4998448 -0.02496218 0.8659451 -0.4999544 -0.01359826 0.8660087 -0.4999902 -0.006231844 0.8660242 -0.4999998 0.001501441 0.8660241 -0.5000001 -0.001501441 0.8660086 -0.4999902 0.006231844 0.8659451 -0.4999544 0.01359826 0.8657553 -0.4998447 0.02496218 0.8666872 0.4984685 -0.0195567 0.8593998 0.5108189 -0.02227318 0.8669193 0.4982896 -0.01258385 0.8665652 0.4990172 -0.006830811 0.8664641 0.4992297 -0.003127157 0.8662321 0.4996415 -7.51983e-4 0.8662318 0.499642 7.51979e-4 0.866464 0.4992299 0.003127217 0.8665648 0.4990178 0.006830751 0.8669204 0.4982879 0.01258391 -2.8644e-6 0 -1 1.51985e-6 0 -1 -2.97013e-6 0 -1 0.4999965 0.8660275 0 0.5000029 0.8660237 -1.02826e-6 0.500003 0.8660237 -9.73165e-7 -2.8524e-6 0 1 1.4262e-6 0 1 1.48507e-6 0 1 -0.4999986 -0.8660262 0 -0.5000014 -0.8660246 0 -0.5000014 -0.8660247 0 -0.8660243 0.500002 0 -0.8660236 0.5000032 0 -0.4999998 -0.8660256 0 -0.4999997 -0.8660257 0 0.4999997 0.8660256 -1.21227e-7 0.4999995 0.8660258 0 6.9472e-7 0 -1 7.55334e-7 0 -1 0.5000076 0.866021 6.03083e-6 0.5000057 0.8660222 0 0.5000068 0.8660216 0 0 0 1 7.91013e-6 0 1 7.98273e-6 0 1 -0.8660247 0.5000012 0 -0.8660247 0.5000013 0 -0.8660248 0.5000012 0 0.8660154 -0.5000174 0 0.8660322 -0.4999883 0 0.8660153 -0.5000177 0 -0.4999955 -0.866028 0 -0.4999991 -0.866026 1.25644e-6 -0.4999948 -0.8660284 0 0.4999879 0.8660324 2.86145e-6 0.49998 0.8660369 0 -0.5000132 -0.8660178 5.96142e-7 -0.5000174 -0.8660154 0 -2.51539e-7 0 1 -8.97302e-6 0 1 0.8660224 -0.5000055 0 0.8660277 -0.499996 0 0.8660279 -0.4999958 0 0 0 -1 5.12845e-7 0 -1 5.32184e-7 0 -1 0.5000085 0.8660205 3.2667e-6 0.5000061 0.8660219 0 0 0 1 7.91013e-6 0 1 7.98273e-6 0 1 -0.8660247 0.5000013 0 0.8660154 -0.5000174 0 0.8660322 -0.4999884 0 0.8660153 -0.5000176 0 -0.4999976 -0.8660268 0 -0.4999987 -0.8660262 4.02061e-6 -0.4999977 -0.8660268 0 0.4999879 0.8660324 1.54995e-6 -0.5000132 -0.8660178 1.90766e-6 -0.5000172 -0.8660156 0 -2.51539e-7 0 1 0.8660277 -0.4999961 0 0.8660278 -0.4999958 0 -0.4999963 -0.8660275 1.25645e-6 -0.4999977 -0.8660268 0 -0.4999945 -0.8660286 1.45518e-6 -6.72379e-5 0 1 2.78572e-5 0 1 -6.8119e-5 0 1 -0.8660247 0.5000013 0 0.8660155 -0.5000174 0 0.8660322 -0.4999883 0 0.8660323 -0.4999881 0 0.4999952 0.8660282 -6.03091e-6 0.4999887 0.8660321 0 0.4999881 0.8660323 0 -0.5000116 -0.8660187 5.96145e-7 0.5000131 0.8660179 -2.86148e-6 0.500017 0.8660156 0 3.28934e-7 0 1 1.17339e-5 0 1 1.20628e-5 0 1 0.8660222 -0.5000055 0 0.8660277 -0.4999961 0 0.8660222 -0.5000057 0 0 0 -1 5.12845e-7 0 -1 5.32184e-7 0 -1 -0.8313576 0.4799416 -0.2801797 -0.7322894 0.6515401 -0.1981106 -0.8313412 0.4799655 -0.2801876 -0.6912521 0.7226138 1.67235e-5 -0.6912531 0.7226127 1.82394e-5 -0.7322538 0.6515734 0.1981324 -0.7322567 0.6515726 0.1981249 -0.8313459 0.4799716 0.2801634 -0.8313588 0.4799442 0.2801714 -0.9304035 0.3083725 0.1981301 -0.9714289 0.2373307 1.79256e-5 -0.9714266 0.2373403 2.2289e-5 0.3090357 0.9510505 5.887e-6 0.1657679 0.7029406 -0.6916615 0.3090026 0.9510613 9.49616e-5 -0.9303932 0.3084214 -0.1981029 -0.9303917 0.3084165 -0.1981176 0.8660327 -0.4999876 8.97884e-6 0.8660164 -0.5000157 8.97884e-6 0.8660175 -0.5000138 -1.05631e-6 -0.3536332 -0.612335 -0.7070993 -9.8762e-6 2.79973e-5 -1 1.95609e-5 3.12563e-5 -1 -0.4999701 -0.8660427 -7.24391e-6 -0.3536562 -0.6123548 -0.7070707 -0.3534559 -0.6124586 0.707081 -0.4999565 -0.8660506 -1.45397e-5 1.30038e-4 -7.26048e-5 1 -0.3534301 -0.6124346 0.7071146 0.3536376 0.6123083 0.7071202 0.3536399 0.6123382 0.7070932 0.5000121 0.8660185 -1.17878e-5 0.5000032 0.8660236 -3.81964e-6 0.353481 0.6124171 -0.7071044 0.3534758 0.6123988 -0.7071228 -0.5258658 -0.4950109 0.6916859 -0.1800844 0.1039599 0.9781421 -0.5258897 -0.4949822 0.6916882 -0.1800312 0.1039413 -0.9781538 -0.5258739 -0.495028 -0.6916676 -0.1800612 0.1039665 -0.9781457 0.1657928 0.7029296 -0.6916667 0.1657541 0.7029129 0.6916928 0.1657473 0.7029033 0.6917043 -0.6690884 -0.7431829 7.97748e-5 -0.6691328 -0.7431429 -5.69288e-6 -0.1800382 0.1039558 0.9781511 -0.5258851 -0.4950299 -0.6916577 -0.8313529 0.4799478 -0.2801831 -0.7323016 0.6515236 -0.1981199 -0.8313474 0.4799565 -0.2801848 -0.7322758 0.6515619 -0.1980892 -0.6912783 0.7225887 4.5834e-7 -0.6912696 0.7225971 1.87231e-6 -0.7322776 0.6515524 0.1981139 -0.8313512 0.4799756 0.2801404 -0.831349 0.4799602 0.2801734 -0.9303994 0.3083959 0.1981135 -0.9714177 0.2373767 9.89507e-6 -0.971418 0.2373755 4.59274e-6 0.3090034 0.951061 2.45071e-5 0.1657763 0.7029258 -0.6916745 0.3090236 0.9510544 -5.16135e-5 -0.930394 0.3084074 -0.198121 -0.9303878 0.3084285 -0.1981176 0.8660324 -0.4999878 -5.22474e-6 0.8660312 -0.49999 1.44172e-7 0.8660162 -0.5000161 1.9777e-5 -0.3535485 -0.6123421 -0.7071356 -2.24919e-4 1.01118e-4 -1 -2.62795e-4 1.14208e-4 -1 -0.5000156 -0.8660164 -2.55575e-5 -0.3535444 -0.6123686 -0.7071147 -0.3535969 -0.6123708 0.7070865 -0.3535664 -0.6123462 0.707123 5.35088e-5 -1.42731e-5 1 5.12157e-5 -6.7562e-6 1 0.3534936 0.6124294 0.7070873 0.3534628 0.6124144 0.7071158 0.4999845 0.8660344 -8.45076e-6 0.3535488 0.6123896 -0.7070943 0.3535196 0.612384 -0.7071138 -0.5259061 -0.4950605 0.6916199 -0.1801087 0.1039676 0.9781368 -0.5259364 -0.495032 0.6916171 -0.1800568 0.1039484 -0.9781485 -0.525865 -0.4950352 -0.6916692 -0.1800799 0.1039729 -0.9781416 0.165791 0.7029685 -0.6916276 0.1657672 0.7029868 0.6916146 0.1657652 0.7029794 0.6916226 -0.6691181 -0.7431561 1.21513e-5 -0.6691287 -0.7431465 -6.26421e-5 -0.1801047 0.1039733 0.978137 -0.5258788 -0.4950817 -0.6916253 -0.8313389 0.4799816 -0.2801665 -0.7322691 0.651564 -0.198107 -0.8313334 0.4799952 -0.2801597 -0.7322667 0.6515619 -0.1981231 -0.6912173 0.7226471 -1.92816e-5 -0.6912186 0.7226458 -3.48961e-5 -0.7322974 0.6515302 0.1981137 -0.7323243 0.6514911 0.1981427 -0.8313545 0.4799626 0.2801529 -0.9303977 0.30839 0.1981312 -0.9304021 0.3083937 0.1981049 -0.9714365 0.2372999 8.90295e-6 0.1658127 0.7029414 -0.6916499 0.3090083 0.9510594 -1.55475e-5 0.3090134 0.9510578 -1.57953e-5 -0.9304039 0.3083704 -0.1981321 -0.9304035 0.3083835 -0.198114 0.8660361 -0.4999816 9.64065e-7 0.866039 -0.4999765 -1.20661e-5 0.8660227 -0.5000049 6.82008e-6 -0.3535278 -0.6123716 -0.7071203 9.75546e-6 -3.51125e-5 -1 -0.3535392 -0.612398 -0.7070917 -0.5000131 -0.8660179 -7.08483e-5 -0.5000023 -0.8660241 7.37862e-5 -0.3535829 -0.6123591 0.7071036 -0.353583 -0.6123675 0.7070963 -2.34146e-5 4.15848e-7 1 0.3535046 0.6123951 0.7071115 -1.48693e-5 1.15463e-5 1 0.4999973 0.8660271 7.68264e-5 0.3535069 0.6124096 0.7070979 0.3535694 0.6123548 -0.7071141 0.4999881 0.8660323 -6.53646e-5 0.3535499 0.6123358 -0.7071403 -0.1800555 0.1039473 0.9781488 -0.5258541 -0.4950951 0.6916345 -0.5258789 -0.495001 0.6916831 -0.5259071 -0.4950527 -0.6916247 -0.1800771 0.1039571 -0.9781438 -0.1800289 0.1039319 -0.9781553 0.1658012 0.7029844 -0.6916089 0.1657922 0.7029492 0.6916469 0.1657474 0.7029046 0.691703 -0.6691397 -0.7431367 -3.10511e-6 -0.6691083 -0.743165 -1.09882e-5 -0.1800097 0.1039034 0.9781619 -0.5259129 -0.4951032 -0.691584 -0.8660174 0.5000142 -5.11262e-5 -0.8659865 0.5000674 -5.3181e-5 -0.8660307 0.499991 -5.5646e-5 2.52027e-5 1.58818e-5 -1 0.4329991 0.7499471 -0.5000912 0.4330455 0.7499825 -0.4999979 0.4329638 0.7500552 0.4999597 0.4330251 0.7499179 0.5001123 8.10297e-7 4.03616e-5 1 -0.4329481 -0.7500557 0.4999725 -0.433045 -0.7499072 0.5001112 -0.4330188 -0.7499625 -0.5000511 -0.4329645 -0.7499478 -0.5001201 0.5000078 0.8660209 -6.41647e-6 0.8660466 0.4999634 -1.73122e-5 0.8660199 0.5000096 -2.95211e-5 0.8660228 -0.5000047 -2.82931e-5 2.79645e-5 -1 -2.0106e-5 -2.51933e-5 -1 -3.60871e-5 -0.5000175 -0.8660153 -7.36142e-7 -0.4999909 -0.8660306 -4.16241e-6 -0.8660303 -0.4999918 1.30132e-5 -0.4999887 -0.8660319 -1.08665e-5 -0.8660221 0.5000059 2.18138e-5 -0.8660084 -0.5000297 3.85643e-5 -1.68404e-5 1 3.45117e-6 -0.8660051 0.5000351 -1.71454e-5 0.5000042 0.866023 -1.40663e-5 -2.1469e-6 1 2.20198e-5 4.1002e-6 2.77273e-5 -1 2.14854e-4 2.00478e-4 -1 0 9.07545e-6 -1 3.27962e-6 -3.79553e-5 1 -1.43324e-5 1.46143e-5 1 -2.7774e-5 1.33524e-5 1 4.5254e-4 -1.97678e-4 -0.9999999 2.07672e-4 2.07235e-4 -1 4.01867e-5 6.87471e-6 1 7.21758e-5 0 1 3.15582e-6 -3.93546e-4 -1 5.05325e-4 -1.99965e-4 -0.9999999 -4.21495e-5 -4.77432e-6 1 -4.16602e-5 0 1 1.64014e-6 -1.13502e-5 -1 -1.38857e-5 -3.99836e-4 -1 4.91973e-6 -3.44869e-5 1 0 -3.63006e-5 1 -0.8313408 0.4799741 -0.2801741 -0.7322854 0.6515429 -0.1981161 -0.7323099 0.6515224 -0.1980928 -0.6912644 0.722602 1.24443e-5 -0.6912371 0.7226281 -1.30985e-6 -0.7322515 0.6515747 0.1981368 -0.732256 0.651574 0.1981225 -0.83134 0.4799703 0.2801827 -0.9304103 0.3083585 0.1981207 -0.9304085 0.3083522 0.1981388 -0.9714292 0.2373293 6.20257e-6 -0.9714262 0.2373421 1.45789e-5 0.3090108 0.9510586 3.19147e-6 0.1658049 0.7029497 -0.6916434 0.3090274 0.9510532 7.59648e-5 -0.9303942 0.3084097 -0.1981163 -0.930392 0.308425 -0.1981034 0.8660356 -0.4999823 8.0437e-6 0.8660181 -0.5000125 8.04386e-6 0.8660196 -0.5000101 0 -0.3535371 -0.6123794 -0.707109 -1.34416e-4 4.37564e-5 -1 -1.68977e-4 4.2162e-5 -1 -0.4999769 -0.8660388 -1.55459e-5 -0.4999812 -0.8660364 2.52175e-5 -0.3535239 -0.6123853 0.7071104 -0.3535316 -0.6124045 0.70709 1.17015e-5 -3.48208e-5 1 0.353715 0.6123014 0.7070876 0.3537471 0.6123265 0.7070498 0.5000056 0.8660222 -9.59041e-6 0.5000012 0.8660247 -1.84822e-6 0.3535609 0.6123737 -0.707102 0.3535493 0.6123746 -0.707107 -0.525887 -0.4949996 0.6916779 -0.18005 0.1039663 0.9781478 -0.525864 -0.4949946 0.691699 -0.1800451 0.1039466 -0.9781507 -0.5258913 -0.4950353 -0.6916491 -0.1800203 0.103968 -0.9781531 0.1657469 0.7029404 -0.6916667 0.1657606 0.7029131 0.6916911 0.165771 0.7029286 0.6916729 -0.6691247 -0.7431501 6.79289e-5 -0.6691221 -0.7431526 -7.56887e-6 -0.1800574 0.1039522 0.9781479 -0.5258656 -0.495042 -0.6916638 -0.8313407 0.4799835 -0.2801582 -0.7322956 0.651531 -0.1981176 -0.8313367 0.4799665 -0.2801988 -0.7322795 0.6515614 -0.1980769 -0.6912761 0.7225908 -3.94296e-6 -0.6912702 0.7225965 -4.66534e-6 -0.7322754 0.6515539 0.1981168 -0.8313491 0.4799794 0.2801401 -0.8313264 0.4799892 0.2801907 -0.9303998 0.308396 0.1981122 -0.9714198 0.2373682 7.92261e-6 -0.9714192 0.2373705 -5.36816e-7 0.309015 0.9510572 2.234e-5 0.1658005 0.7029163 -0.6916784 0.3090148 0.9510573 -6.0986e-5 -0.9303989 0.3084148 -0.1980863 -0.9303903 0.3084186 -0.1981211 0.8660345 -0.4999843 -3.85105e-6 0.8660315 -0.4999895 -4.37557e-7 0.8660206 -0.5000086 1.87692e-5 -0.3536072 -0.6123281 -0.7071183 -1.97896e-4 1.04638e-4 -1 -2.21116e-4 1.177e-4 -1 -0.4999893 -0.8660316 -3.74093e-5 -0.3536054 -0.6123461 -0.7071036 -0.3536419 -0.612332 0.7070976 -0.4999982 -0.8660265 3.53636e-5 -3.01737e-5 -2.22815e-6 1 -0.3536456 -0.6123392 0.7070895 0.3534951 0.612396 0.7071155 -2.5754e-5 4.24078e-6 1 0.5000167 0.8660159 -1.77871e-5 0.3534992 0.6124106 0.7071009 0.3535307 0.6123918 -0.7071014 0.3535065 0.6123816 -0.7071223 -0.1801141 0.1039943 0.978133 -0.5259158 -0.4950485 0.6916211 -0.5259156 -0.4950774 0.6916005 -0.1800427 0.1039474 -0.9781512 -0.5258849 -0.4950258 -0.6916608 -0.1800602 0.103977 -0.9781448 0.1658146 0.7029709 -0.6916195 0.1657638 0.7029721 0.6916304 0.1657549 0.7029819 0.6916226 -0.6691191 -0.7431553 2.32458e-5 -0.6691021 -0.7431705 -1.55486e-5 -0.1801028 0.1040146 0.978133 -0.5258753 -0.4951009 -0.6916142 -0.8313402 0.4799806 -0.2801644 -0.7322676 0.6515649 -0.1981099 -0.8313415 0.4799847 -0.2801539 -0.7322584 0.6515709 -0.1981239 -0.6912156 0.7226486 -2.0575e-5 -0.6912219 0.7226426 -2.795e-5 -0.7323054 0.6515231 0.1981071 -0.7323329 0.6514824 0.1981394 -0.8313535 0.4799636 0.2801547 -0.9303963 0.3083922 0.198134 -0.9303975 0.3084035 0.1981106 -0.9714354 0.2373043 6.39154e-6 0.1657567 0.7029533 -0.6916513 0.3090047 0.9510605 -3.32281e-5 0.3089969 0.9510631 -1.22912e-5 -0.9304 0.3083805 -0.1981346 -0.930404 0.3083825 -0.1981127 0.866033 -0.4999869 2.72575e-6 0.8660386 -0.4999772 -1.24868e-5 0.8660228 -0.5000046 7.96422e-6 -0.3535423 -0.6123689 -0.7071155 1.17218e-5 -2.84414e-5 -1 -0.3535471 -0.6123979 -0.707088 -0.5000103 -0.8660195 -6.90821e-5 -0.4999989 -0.8660261 7.48335e-5 -0.3535826 -0.612357 0.7071055 -0.3535827 -0.6123642 0.7070992 -1.00202e-5 6.3661e-6 1 0.3535377 0.6123886 0.7071006 -5.72952e-6 2.56186e-6 1 0.5000063 0.8660218 7.53298e-5 0.3535458 0.6124039 0.7070834 0.3535681 0.6123564 -0.7071133 0.4999969 0.8660272 -6.44718e-5 0.3535529 0.6123366 -0.7071381 -0.1800382 0.1039425 0.9781525 -0.5258366 -0.4950845 0.6916554 -0.5258721 -0.495001 0.6916882 -0.5258903 -0.495047 -0.6916415 -0.1800256 0.1039659 -0.9781523 -0.1800273 0.1039593 -0.9781528 0.1658175 0.7029598 -0.6916301 0.1658005 0.7029449 0.6916493 0.1657497 0.7029075 0.6916995 -0.6691471 -0.7431301 -3.75202e-6 -0.6691213 -0.7431533 -1.71447e-5 -0.1799694 0.1039109 0.9781684 -0.5259134 -0.4950764 -0.6916029 -0.8660241 0.5000025 -5.30464e-5 -0.8659947 0.5000532 -5.52525e-5 -0.8660311 0.4999902 -5.75086e-5 2.53897e-5 2.32648e-5 -1 0.4329591 0.7499917 -0.5000589 0.4330949 0.7499628 -0.4999848 0.4329468 0.7500662 0.4999579 0.4330331 0.7499167 0.5001074 1.64252e-7 2.63022e-5 1 -0.4329332 -0.7500703 0.4999635 -0.4330359 -0.7499087 0.5001169 -0.4330676 -0.7499523 -0.5000241 -0.4329288 -0.7499861 -0.5000936 0.5000188 0.8660145 2.80846e-6 0.8660461 0.4999642 -1.505e-5 0.8660206 0.5000083 -2.92461e-5 0.8660188 -0.5000116 -3.01244e-5 1.46777e-5 -1 -2.04782e-5 -2.42513e-5 -1 -3.63338e-5 -0.5000303 -0.8660079 -2.8572e-6 -0.4999847 -0.8660343 -3.13284e-6 -0.8660345 -0.4999844 7.82124e-6 -0.4999752 -0.8660397 -2.71655e-6 -0.8660205 0.5000087 1.93945e-5 -0.8660138 -0.5000202 2.92606e-5 -1.37244e-5 1 5.82531e-6 -0.8660241 0.5000025 -2.49756e-5 0.4999833 0.8660351 7.10212e-7 3.76576e-5 1 2.73585e-5 -5.74038e-6 9.1191e-6 -1 5.34617e-5 1.05465e-4 -1 3.27983e-6 -2.88354e-5 1 2.21027e-4 1.02471e-4 1 2.14628e-4 1.04612e-4 1 1.08591e-4 -1.81001e-4 -1 4.85942e-5 1.07289e-4 -1 3.56961e-4 -9.31001e-5 1 3.60911e-4 -9.99814e-5 1 1.97629e-4 -2.16515e-4 -1 1.31714e-4 -1.69548e-4 -1 2.24826e-4 -2.00939e-4 1 2.3358e-4 -1.99909e-4 1 1.64013e-6 -9.9865e-6 -1 2.32266e-4 -1.96176e-4 -1 8.19959e-6 -4.44738e-5 1 0 -3.63017e-5 1 -0.8313604 0.4799394 -0.2801753 -0.7322962 0.6515364 -0.198098 -0.831339 0.4799687 -0.2801885 -0.7323032 0.6515352 -0.1980758 -0.6912598 0.7226065 1.45037e-5 -0.69125 0.7226157 4.6307e-6 -0.7322495 0.6515774 0.1981353 -0.7322596 0.6515705 0.1981208 -0.831339 0.479972 0.2801829 -0.9304116 0.3083547 0.19812 -0.9304105 0.3083479 0.1981363 -0.9714279 0.2373352 2.69869e-6 -0.9714252 0.2373461 1.34676e-5 0.3090209 0.9510552 5.45569e-6 0.1657853 0.7029518 -0.6916459 0.3090176 0.9510564 7.25751e-5 -0.9303927 0.3084133 -0.198118 -0.9303909 0.3084284 -0.1981024 0.8660318 -0.4999891 8.18674e-6 0.8660147 -0.5000187 8.18678e-6 0.8660199 -0.5000098 0 -0.3535947 -0.6123679 -0.70709 -8.60976e-5 3.4551e-5 -1 -9.44989e-5 3.82801e-5 -1 -0.4999956 -0.866028 -2.06895e-6 -0.3536011 -0.6123735 -0.707082 -0.3534064 -0.612473 0.7070932 -0.4999892 -0.8660317 -8.04508e-6 8.60033e-5 -4.25678e-5 1 -0.3533919 -0.6124413 0.7071279 0.3536885 0.612307 0.7070959 0.3537092 0.6123353 0.707061 0.5000023 0.8660241 -1.12538e-5 0.4999969 0.8660272 -4.14821e-6 0.3535587 0.6123766 -0.7071006 0.353547 0.6123775 -0.7071056 -0.5258669 -0.4950004 0.6916927 -0.180055 0.1039673 0.9781467 -0.5258665 -0.4949717 0.6917135 -0.1800532 0.1039504 -0.9781489 -0.5258981 -0.4950278 -0.6916493 -0.1800205 0.1039676 -0.9781531 0.1657612 0.702943 -0.6916605 0.165746 0.7029116 0.6916962 0.1657524 0.7029128 0.6916936 -0.669148 -0.7431293 7.55076e-5 -0.6691005 -0.743172 -1.29383e-6 -0.1800726 0.1039595 0.9781444 -0.5258688 -0.4950494 -0.6916561 -0.8313443 0.4799773 -0.2801578 -0.7322931 0.6515334 -0.1981186 -0.8313366 0.4799664 -0.2801998 -0.7322896 0.6515507 -0.198075 -0.6912723 0.7225944 -1.68267e-6 -0.6912751 0.7225917 -6.4606e-6 -0.7322707 0.6515593 0.1981163 -0.8313522 0.4799743 0.2801394 -0.8313357 0.4799757 0.2801862 -0.9304011 0.3083921 0.1981114 -0.9714171 0.2373789 6.34116e-6 -0.9714171 0.2373792 2.6935e-6 0.3089998 0.9510622 9.50961e-6 0.1657788 0.7029209 -0.6916788 0.3090276 0.9510531 -5.85894e-5 -0.9303987 0.3084143 -0.1980887 -0.9303907 0.3084173 -0.1981214 0.8660349 -0.4999835 -4.60577e-6 0.866032 -0.4999886 -4.37233e-7 0.8660193 -0.5000107 1.81392e-5 -0.3535813 -0.612336 -0.7071244 -1.97849e-4 1.01262e-4 -1 -2.20849e-4 1.13962e-4 -1 -0.5000115 -0.8660189 -1.84416e-5 -0.3535828 -0.6123568 -0.7071056 -0.3536348 -0.6123571 0.7070794 -0.3536142 -0.6123323 0.7071112 -1.60518e-5 1.14799e-5 1 1.10894e-6 1.93038e-6 1 0.3534757 0.612413 0.7071105 0.499993 0.8660295 -6.69745e-6 0.3534832 0.6124453 0.7070789 0.3535291 0.6123924 -0.7071017 0.3535047 0.6123822 -0.7071228 -0.5259199 -0.4950654 0.6916058 -0.180092 0.1039807 0.9781386 -0.5259354 -0.4950317 0.6916181 -0.1800397 0.103945 -0.978152 -0.5258759 -0.4950171 -0.6916738 -0.1800432 0.1039727 -0.9781484 0.1657956 0.7029715 -0.6916235 0.1657882 0.7029681 0.6916286 0.1657508 0.7029892 0.6916161 -0.6691123 -0.7431614 4.63623e-6 -0.6691582 -0.74312 -5.39906e-5 -0.1801341 0.1039962 0.9781292 -0.5258609 -0.4951034 -0.6916234 -0.8313412 0.4799792 -0.280164 -0.7322722 0.6515607 -0.1981064 -0.8313348 0.4799926 -0.2801598 -0.732266 0.6515631 -0.1981218 -0.6912144 0.7226498 -1.9765e-5 -0.6912169 0.7226474 -3.45456e-5 -0.7322958 0.6515325 0.1981121 -0.7323235 0.6514921 0.1981422 -0.8313539 0.4799635 0.2801534 -0.9303985 0.308387 0.1981315 -0.9304001 0.3083972 0.1981081 -0.9714365 0.2372999 6.93464e-6 0.1658019 0.7029505 -0.6916432 0.3090133 0.9510577 -2.90392e-5 0.3090012 0.9510617 -1.03397e-5 -0.9304051 0.3083688 -0.1981289 -0.9304031 0.3083841 -0.1981147 0.866036 -0.4999817 7.07642e-7 0.866039 -0.4999765 -1.18341e-5 0.8660236 -0.5000033 7.14925e-6 -0.3535342 -0.6123722 -0.7071166 1.09363e-5 -3.27847e-5 -1 -0.3535377 -0.6124007 -0.7070902 -0.5000145 -0.8660171 -7.98224e-5 -0.4999973 -0.866027 6.44013e-5 -0.3535656 -0.6123652 0.7071069 -0.3535665 -0.6123743 0.7070987 4.31044e-5 -1.1885e-6 1 0.3535084 0.6123927 0.7071118 4.91575e-5 3.0932e-6 1 0.4999984 0.8660265 7.314e-5 0.3535081 0.612411 0.7070962 0.3535693 0.6123548 -0.7071141 0.4999887 0.866032 -6.81552e-5 0.3535547 0.6123344 -0.7071391 -0.1800405 0.1039466 0.9781517 -0.525873 -0.4950776 0.6916327 -0.5258594 -0.4950063 0.6916941 -0.525893 -0.4950597 -0.6916304 -0.18008 0.103962 -0.9781427 -0.1800287 0.1039305 -0.9781554 0.165793 0.7030019 -0.6915932 0.1657936 0.7029571 0.6916385 0.1657481 0.7029066 0.6917008 -0.6691302 -0.7431454 -7.56873e-6 -0.6691419 -0.7431347 -2.19959e-5 -0.1800236 0.1039105 0.9781586 -0.5259093 -0.4950985 -0.6915901 -0.8660184 0.5000121 -5.31699e-5 -0.8659906 0.5000603 -5.50413e-5 -0.8660315 0.4999897 -5.65599e-5 2.87086e-5 2.86976e-5 -1 0.4329591 0.7499905 -0.5000608 0.4330955 0.7499645 -0.4999815 0.4329481 0.7500663 0.4999565 0.4330324 0.7499167 0.5001079 -1.44542e-6 2.3499e-5 1 -0.4329343 -0.7500722 0.4999598 -0.4330335 -0.7499061 0.5001229 -0.4330685 -0.7499553 -0.5000188 -0.432927 -0.7499828 -0.5001 0.5000199 0.866014 4.90649e-6 0.8660469 0.499963 -1.45736e-5 0.8660203 0.500009 -2.92464e-5 0.8660222 -0.5000056 -3.06003e-5 2.18523e-5 -1 -2.37331e-5 -2.49085e-5 -1 -4.11241e-5 -0.5000304 -0.8660079 -4.69163e-6 -0.500001 -0.866025 -2.06245e-6 -0.8660286 -0.4999945 1.15173e-5 -0.5000085 -0.8660205 -5.43299e-6 -0.8660218 0.5000063 2.16893e-5 -0.8660051 -0.5000354 3.51445e-5 -1.03507e-5 1 8.15857e-6 -0.8660165 0.5000155 -2.37408e-5 0.500001 0.8660249 -8.10618e-7 2.06142e-5 1 3.14415e-5 -8.19992e-7 9.11841e-6 -1 1.64852e-5 1.05458e-4 -1 -3.27991e-6 -4.74429e-5 1 -1.90059e-4 6.08677e-6 1 -2.14632e-4 4.6683e-6 1 1.92092e-4 -1.83378e-4 -1 6.94199e-6 1.07284e-4 -1 2.71862e-5 6.87438e-6 1 7.21775e-5 0 1 4.90952e-5 -2.06056e-4 -1 2.1657e-4 -1.99978e-4 -1 3.33887e-5 -4.94332e-6 1 3.78876e-5 0 1 1.64016e-6 -9.98671e-6 -1 4.67178e-5 -1.99922e-4 -1 9.83938e-6 -4.31102e-5 1 0 -4.53773e-5 1 4.23177e-6 0 -1 -3.7033e-6 0 -1 4.4808e-6 0 -1 0.5000008 0.866025 0 0.5 0.8660254 -1.02826e-6 0.4999999 0.8660256 -9.73166e-7 0 0 1 3.36275e-7 0 1 1.72832e-7 0 1 -0.5000008 -0.866025 0 -0.5000004 -0.8660253 0 -0.5000004 -0.8660252 0 -0.866024 0.5000025 0 -0.8660251 0.5000007 0 -0.5000016 -0.8660245 0 2.65765e-6 0 1 3.02134e-6 0 1 -4.52265e-7 0 -1 -7.55334e-7 0 -1 0.5000026 0.8660239 1.00515e-6 0.5000044 0.866023 0 0.5000041 0.8660231 0 -3.5322e-7 0 1 -3.84959e-5 0 1 -3.88492e-5 0 1 0.8660321 -0.4999884 0 0.8660154 -0.5000176 0 0.5000132 0.8660177 4.76915e-7 0.5000174 0.8660154 0 2.18359e-5 0 1 -8.35385e-6 0 1 2.27066e-5 0 1 0.8660277 -0.4999962 0 0.8660224 -0.5000054 0 0.8660222 -0.5000056 0 1.74052e-7 0 -1 4.61561e-6 0 -1 4.78966e-6 0 -1 0.500002 0.8660243 3.51803e-6 -3.5322e-7 0 1 -3.8496e-5 0 1 -3.88493e-5 0 1 0.5000132 0.8660177 1.6692e-6 -0.5000131 -0.8660179 1.90766e-6 -0.5000171 -0.8660156 0 2.18359e-5 0 1 -8.35385e-6 0 1 2.27066e-5 0 1 0.8660223 -0.5000054 0 0.8660222 -0.5000057 0 4.61561e-6 0 -1 4.78966e-6 0 -1 -0.4999954 -0.8660281 2.01031e-6 -0.4999973 -0.866027 0 -0.4999936 -0.8660292 2.32829e-6 0 0 1 4.21876e-6 0 1 -0.8660249 0.500001 0 -0.8660288 0.4999942 0 -0.866029 0.4999939 0 0.8660323 -0.4999881 0 0.4999987 0.8660262 -8.04113e-6 -0.5000119 -0.8660187 9.53832e-7 0.4999865 0.8660332 -3.81527e-6 -2.12839e-7 0 1 -7.59254e-6 0 1 -7.80537e-6 0 1 0.8660224 -0.5000054 0 1.59663e-5 0 -1 -1.11766e-5 0 -1 -1.22402e-5 0 -1 -0.8313497 0.4799527 -0.2801841 -0.7322899 0.6515391 -0.1981124 -0.8313423 0.4799633 -0.2801882 -0.6912568 0.7226092 1.52461e-5 -0.6912535 0.7226125 1.93884e-5 -0.7322469 0.65158 0.1981362 -0.7322663 0.6515634 0.1981193 -0.8313462 0.4799711 0.2801634 -0.8313625 0.4799396 0.2801685 -0.930401 0.3083776 0.1981346 -0.9714291 0.2373303 1.62228e-5 -0.9714268 0.2373396 1.90869e-5 0.3090189 0.951056 4.18344e-6 0.1657536 0.7029427 -0.6916627 0.3090201 0.9510555 8.96423e-5 -0.93039 0.3084276 -0.1981086 -0.9303894 0.3084216 -0.1981207 0.8660368 -0.4999802 8.45011e-6 0.8660207 -0.5000082 8.45012e-6 0.8660182 -0.5000127 -5.28167e-7 -0.3535624 -0.6123476 -0.7071239 -1.22469e-4 3.9533e-5 -1 -1.42245e-4 4.72952e-5 -1 -0.4999937 -0.866029 -3.22408e-6 -0.3535583 -0.6123726 -0.7071042 -0.3535294 -0.6124393 0.707061 -0.4999865 -0.8660332 -1.31715e-5 1.08931e-4 -4.5207e-5 1 -0.3535125 -0.6124108 0.707094 0.3535908 0.612328 0.7071266 0.353586 0.6123572 0.7071037 0.4999918 0.8660303 -1.1028e-5 0.4999852 0.866034 -4.16875e-6 0.3535195 0.6124103 -0.7070909 0.3534952 0.6123955 -0.707116 -0.5258905 -0.4950046 0.6916717 -0.1800613 0.1039569 0.9781467 -0.5258516 -0.4949821 0.6917172 -0.180042 0.1039425 -0.9781517 -0.5258743 -0.4950198 -0.691673 -0.1800292 0.1039589 -0.9781525 0.1657679 0.7029345 -0.6916677 0.1657534 0.7029143 0.6916917 0.1657436 0.7029094 0.691699 -0.6691501 -0.7431274 9.40258e-5 -0.6691089 -0.7431644 -1.6022e-5 -0.180086 0.1039609 0.9781417 -0.5258549 -0.4950582 -0.6916604 -0.8313578 0.4799418 -0.2801791 -0.7322829 0.6515425 -0.1981266 -0.8313354 0.4799717 -0.280194 -0.7322958 0.6515418 -0.1980812 -0.6912819 0.7225853 -3.18955e-6 -0.6912999 0.722568 1.45624e-6 -0.7322861 0.6515427 0.198114 -0.8313436 0.4799852 0.2801465 -0.8313368 0.4799768 0.2801811 -0.9303995 0.3083953 0.1981139 -0.9714195 0.2373695 7.64137e-6 -0.9714181 0.2373751 -1.17722e-6 0.3090297 0.9510525 1.75312e-5 0.1657501 0.7029266 -0.69168 0.3090148 0.9510573 -3.66693e-5 -0.9303933 0.3084093 -0.1981214 -0.9303841 0.3084359 -0.1981232 0.8660327 -0.4999873 -3.98718e-6 0.8660311 -0.4999901 6.72134e-7 0.8660258 -0.4999995 1.96855e-5 -0.3536481 -0.6123144 -0.7071096 -1.54378e-4 9.32502e-5 -1 -1.51349e-4 1.03179e-4 -1 -0.4999987 -0.8660262 -5.8118e-6 -0.3536634 -0.6123377 -0.707082 -0.353655 -0.6123533 0.7070726 -0.3536342 -0.6123239 0.7071084 6.74331e-5 -1.65323e-5 1 5.60211e-5 -9.03567e-6 1 0.3534424 0.6124336 0.7071093 0.3533941 0.6124218 0.7071437 0.5000017 0.8660244 -1.77486e-5 0.3534309 0.6124183 -0.7071284 0.3534154 0.61241 -0.7071433 -0.5259224 -0.4950498 0.6916151 -0.1801271 0.1039677 0.9781334 -0.5259027 -0.4950538 0.6916271 -0.1800606 0.1039491 -0.9781476 -0.5258699 -0.4950226 -0.6916744 -0.1801034 0.1039652 -0.9781381 0.1658284 0.7029592 -0.691628 0.1657422 0.7029889 0.6916186 0.165804 0.7029771 0.6916158 -0.6691169 -0.7431572 8.58245e-6 -0.6691235 -0.7431514 -2.45892e-5 -0.1800977 0.1039738 0.9781382 -0.5258809 -0.4950863 -0.6916205 -0.8313498 0.4799694 -0.280155 -0.7322787 0.6515555 -0.1980997 -0.8313627 0.4799576 -0.2801372 -0.7322596 0.6515701 -0.1981223 -0.6912063 0.7226575 -1.62553e-5 -0.6912303 0.7226346 -3.51581e-5 -0.7322814 0.6515466 0.1981189 -0.7323351 0.6514797 0.1981404 -0.831349 0.4799699 0.2801568 -0.9303954 0.3083941 0.198135 -0.9304002 0.3083965 0.1981093 -0.9714358 0.2373025 9.21374e-6 0.1657949 0.7029426 -0.691653 0.3090316 0.9510518 -1.56546e-5 0.309022 0.9510549 -2.44206e-5 -0.930399 0.3083813 -0.1981387 -0.9304058 0.3083795 -0.1981089 0.8660323 -0.4999882 9.63371e-7 0.8660337 -0.4999858 -1.25305e-5 0.8660214 -0.500007 6.44633e-6 -0.353443 -0.6123934 -0.7071438 9.24122e-5 -3.91811e-5 -1 -0.3534464 -0.6124221 -0.7071173 -0.500003 -0.8660237 -7.77277e-5 -0.499989 -0.8660318 6.83647e-5 -0.3535416 -0.6123674 0.7071171 -0.3535271 -0.6123784 0.7071149 -4.4532e-5 -1.86363e-6 1 0.3534997 0.6123919 0.7071168 -5.50982e-5 1.03296e-5 1 0.4999873 0.8660327 7.77917e-5 0.3534886 0.6124103 0.7071065 0.3536986 0.6123263 -0.7070742 0.4999741 0.8660404 -6.24975e-5 0.3536701 0.6123081 -0.7071042 -0.1800537 0.1039439 0.9781495 -0.5259006 -0.495074 0.6916142 -0.5258728 -0.4949892 0.6916962 -0.5258524 -0.4950762 -0.6916494 -0.1800454 0.1039521 -0.9781501 -0.1800069 0.1039246 -0.9781602 0.1658098 0.7029823 -0.691609 0.1658442 0.7029446 0.691639 0.1657216 0.7029089 0.6917048 -0.6691378 -0.7431383 -2.46684e-5 -0.6691318 -0.7431438 -1.82746e-5 -0.1799854 0.103911 0.9781656 -0.5258858 -0.4951021 -0.6916054 -0.8660291 0.4999938 -5.06298e-5 -0.8659835 0.5000727 -5.39402e-5 -0.8660184 0.5000123 -5.74201e-5 -1.41838e-5 2.18398e-5 -1 0.4330013 0.7499332 -0.5001102 0.4329965 0.7500041 -0.500008 0.433089 0.7500116 0.4999167 0.4329695 0.7499312 0.5001406 5.87337e-5 3.75133e-5 1 -0.4330939 -0.7499985 0.4999321 -0.432921 -0.7499513 0.5001526 -0.432992 -0.7499734 -0.5000579 -0.4329623 -0.7499397 -0.5001342 0.5000116 0.8660188 1.04459e-6 0.8660494 0.4999585 -1.56134e-5 0.8660238 0.5000028 -2.95139e-5 0.8660174 -0.500014 -3.08278e-5 2.21918e-5 -1 -2.3105e-5 -2.80412e-5 -1 -4.16226e-5 -0.5 -0.8660256 -7.37937e-7 -0.5000261 -0.8660103 3.51423e-6 -0.8660409 -0.4999732 1.48556e-5 -0.5000226 -0.8660125 0 -0.8660207 0.5000081 2.17244e-5 -0.8660208 -0.500008 3.85663e-5 7.60158e-6 1 3.54217e-6 -0.8660257 0.4999997 -1.38455e-5 0.5000033 0.8660236 -1.40653e-5 8.05088e-5 1 1.87207e-5 1.96804e-5 2.77262e-5 -1 5.27153e-4 2.00472e-4 -0.9999999 0 9.07483e-6 -1 2.59221e-4 -3.79553e-5 1 1.74701e-5 1.46141e-5 1 1.3887e-5 1.33523e-5 1 8.66765e-5 -1.9768e-4 -1 5.60539e-4 2.07229e-4 -0.9999998 -6.61919e-5 6.87471e-6 1 -7.21844e-5 0 1 9.34854e-5 -3.93557e-4 -1 0 -1.99965e-4 -1 3.33843e-5 -4.77432e-6 1 3.78825e-5 0 1 -2.74025e-4 -1.13502e-5 -1 1.11101e-4 -3.99848e-4 -1 9.83946e-6 -3.44869e-5 1 -0.8313371 0.4799789 -0.2801765 -0.7322925 0.6515352 -0.1981151 -0.7322983 0.6515343 -0.1980966 -0.6912567 0.7226094 1.54517e-5 -0.6912595 0.7226067 4.07979e-6 -0.7322392 0.6515874 0.1981403 -0.7322569 0.6515728 0.1981233 -0.8313356 0.4799758 0.2801866 -0.9304103 0.3083573 0.1981225 -0.9304064 0.3083575 0.1981403 -0.9714325 0.2373163 1.51578e-5 -0.9714258 0.2373437 1.88923e-5 0.3090457 0.9510472 1.76825e-6 0.1657499 0.7029545 -0.6916517 0.3090071 0.9510598 7.90043e-5 -0.9303944 0.3084094 -0.1981164 -0.9303904 0.3084291 -0.1981045 0.8660343 -0.4999846 8.03578e-6 0.8660167 -0.5000151 8.03582e-6 0.866015 -0.5000182 0 -0.3535305 -0.6123796 -0.7071121 -4.06194e-5 3.7575e-5 -1 -5.61883e-5 3.4707e-5 -1 -0.4999786 -0.8660379 -3.01678e-5 -0.4999727 -0.8660412 1.06168e-5 -0.3535459 -0.61238 0.707104 -0.3535656 -0.6123976 0.7070789 1.03905e-4 -3.89149e-5 1 0.3535579 0.6123576 0.7071175 0.3535578 0.6123721 0.707105 0.5000026 0.866024 -1.65727e-5 0.5000073 0.8660212 -9.46695e-6 0.3535523 0.6123759 -0.7071043 0.3535522 0.6123744 -0.7071057 -0.5258688 -0.4950048 0.6916881 -0.1800933 0.1039709 0.9781393 -0.5258886 -0.4949978 0.6916779 -0.1800528 0.1039472 -0.9781494 -0.5258622 -0.495043 -0.6916658 -0.1800611 0.1039604 -0.9781464 0.1657857 0.7029342 -0.6916638 0.1657574 0.7029121 0.691693 0.1657114 0.7029393 0.6916764 -0.6691011 -0.7431715 6.73446e-5 -0.6691309 -0.7431446 -3.52567e-6 -0.1800343 0.1039497 0.9781524 -0.5259028 -0.4950271 -0.6916462 -0.8313402 0.4799838 -0.2801594 -0.7322933 0.6515334 -0.1981183 -0.8313269 0.4799787 -0.2802075 -0.732285 0.6515562 -0.1980738 -0.6912816 0.7225855 -4.77174e-6 -0.6912764 0.7225905 -5.81722e-6 -0.7322878 0.6515415 0.1981121 -0.8313536 0.4799733 0.2801375 -0.8313471 0.4799627 0.2801745 -0.9303978 0.3084008 0.1981134 -0.9714162 0.2373828 7.09819e-6 -0.9714174 0.2373777 4.38557e-6 0.3090289 0.9510527 2.20166e-5 0.1657601 0.702922 -0.6916823 0.3090316 0.9510518 -5.9018e-5 -0.9304047 0.3084024 -0.1980788 -0.9303919 0.3084145 -0.19812 0.8660366 -0.4999806 -3.84357e-6 0.8660306 -0.4999911 -4.41741e-7 0.8660238 -0.500003 1.87611e-5 -0.3536383 -0.6123123 -0.7071164 -1.41967e-4 9.76024e-5 -1 -1.4901e-4 1.08232e-4 -1 -0.4999939 -0.866029 -3.63953e-5 -0.353636 -0.6123306 -0.7071018 -0.3535962 -0.612341 0.7071127 -0.4999998 -0.8660256 3.43317e-5 -1.07518e-5 -8.11681e-6 1 -0.3536101 -0.6123463 0.7071011 0.3535581 0.6123906 0.7070888 -4.96213e-6 -3.95328e-7 1 0.4999835 0.8660349 -1.76126e-5 0.3535701 0.612404 0.7070711 0.353474 0.6124066 -0.707117 0.3534619 0.6123938 -0.7071341 -0.1800915 0.1039913 0.9781375 -0.5259241 -0.4950439 0.691618 -0.525895 -0.4950819 0.6916128 -0.1800189 0.1039441 -0.9781558 -0.5258597 -0.4950134 -0.6916888 -0.1800826 0.1039702 -0.9781414 0.1658278 0.7029685 -0.6916187 0.1657708 0.7029705 0.6916304 0.1657679 0.7029784 0.6916231 -0.6691041 -0.7431688 2.07659e-5 -0.6691384 -0.7431379 -4.41513e-5 -0.1800853 0.1040103 0.9781366 -0.5258377 -0.4951135 -0.6916339 -0.8313485 0.4799701 -0.2801577 -0.7322754 0.6515569 -0.1981068 -0.8313614 0.4799597 -0.2801377 -0.7322597 0.6515688 -0.1981256 -0.6912147 0.7226495 -1.77308e-5 -0.6912346 0.7226305 -2.51993e-5 -0.7322871 0.6515411 0.1981161 -0.7323326 0.6514825 0.1981407 -0.8313487 0.4799699 0.2801576 -0.9303957 0.3083937 0.1981341 -0.9303991 0.3083993 0.1981094 -0.9714358 0.2373026 9.23572e-6 0.1657621 0.7029525 -0.6916508 0.3090211 0.9510553 -3.62674e-5 0.3090144 0.9510574 -1.17197e-5 -0.9304 0.3083793 -0.1981366 -0.930407 0.3083766 -0.198108 0.8660327 -0.4999877 2.74782e-6 0.866033 -0.4999869 -1.24653e-5 0.8660206 -0.5000084 7.97711e-6 -0.35347 -0.6123868 -0.7071361 1.46553e-4 -3.91194e-5 -1 -0.3534845 -0.6124131 -0.707106 -0.4999898 -0.8660314 -6.78502e-5 -0.49998 -0.866037 7.56141e-5 -0.3535488 -0.6123634 0.7071169 -0.3535444 -0.6123716 0.707112 6.20824e-6 3.23183e-6 1 0.3534663 0.6123968 0.7071292 -1.43533e-5 7.36726e-7 1 0.5000092 0.8660202 7.68647e-5 0.3534525 0.6124176 0.7071182 0.3536249 0.6123394 -0.7070996 0.4999981 0.8660265 -6.32446e-5 0.353612 0.6123178 -0.7071248 -0.1800063 0.1039376 0.978159 -0.52587 -0.495083 0.6916311 -0.525849 -0.494998 0.691708 -0.5258706 -0.4950629 -0.6916451 -0.1800601 0.1039692 -0.9781457 -0.1800433 0.1039608 -0.9781495 0.165785 0.7029669 -0.6916307 0.1658552 0.702946 0.691635 0.1657366 0.7029091 0.6917009 -0.6691376 -0.7431386 -2.42588e-5 -0.6691275 -0.7431477 -3.97834e-5 -0.1799488 0.103902 0.9781732 -0.5259037 -0.4950875 -0.6916023 -0.8660236 0.5000032 -5.30418e-5 -0.8659842 0.5000715 -5.52464e-5 -0.8660224 0.5000054 -5.7547e-5 -1.76775e-5 2.81481e-5 -1 0.4330633 0.7499389 -0.5000479 0.4329381 0.7500125 -0.5000461 0.4331151 0.7499933 0.4999214 0.4329591 0.7499408 0.5001354 3.46996e-5 2.20089e-5 1 -0.4331247 -0.7499864 0.4999235 -0.43293 -0.7499421 0.5001584 -0.4329541 -0.7499877 -0.5000692 -0.4330679 -0.7499162 -0.5000781 0.5000019 0.8660244 2.80957e-6 0.8660466 0.4999634 -1.50484e-5 0.8660246 0.5000016 -2.92438e-5 0.8660228 -0.5000047 -3.01225e-5 3.01549e-5 -1 -2.04765e-5 -2.64858e-5 -1 -3.63298e-5 -0.4999904 -0.8660311 -2.85908e-6 -0.5000023 -0.8660242 -2.99372e-6 -0.8660335 -0.4999859 7.73828e-6 -0.5000079 -0.866021 -2.37693e-6 -0.8660163 0.5000158 1.91798e-5 -0.8660055 -0.5000344 2.90621e-5 -2.11397e-6 1 5.78591e-6 -0.8660176 0.5000135 -2.49764e-5 0.5000047 0.8660228 4.30806e-7 4.41855e-5 1 2.73356e-5 5.74038e-6 9.1191e-6 -1 2.02528e-4 1.05465e-4 -1 6.55966e-6 -2.88354e-5 1 -3.89923e-5 1.02471e-4 1 -5.55424e-5 1.04612e-4 1 4.94293e-4 -1.81001e-4 -1 1.93796e-4 1.07289e-4 -1 3.15208e-5 -9.30995e-5 1 7.21801e-5 -9.99807e-5 1 -7.85932e-5 -2.16515e-4 -1 4.94673e-4 -1.69548e-4 -0.9999999 -7.37529e-5 -2.00939e-4 1 -7.44887e-5 -1.99909e-4 1 -4.9204e-6 -9.98655e-6 -1 -1.19565e-4 -1.96176e-4 -1 1.63992e-6 -4.44736e-5 1 0 -3.63015e-5 1 -0.83135 0.4799529 -0.2801828 -0.7322911 0.6515409 -0.1981016 -0.831344 0.4799619 -0.2801855 -0.7322779 0.6515601 -0.1980875 -0.6912567 0.7226094 1.58912e-5 -0.6912498 0.722616 7.95537e-6 -0.7322601 0.6515667 0.1981314 -0.8313174 0.4800171 0.2801694 -0.8313367 0.4799847 0.2801679 -0.9304111 0.3083559 0.1981206 -0.9304072 0.3083551 0.1981406 -0.9714325 0.2373164 1.58974e-5 -0.9714252 0.2373462 1.93726e-5 0.3090261 0.9510536 1.47067e-5 0.1657462 0.7029556 -0.6916515 0.3090281 0.9510529 7.63938e-5 -0.9303957 0.3084067 -0.1981138 -0.9303919 0.3084268 -0.1981006 0.8660349 -0.4999836 8.1862e-6 0.8660202 -0.5000092 8.18624e-6 0.8660171 -0.5000144 -2.64083e-7 -0.353536 -0.6123822 -0.707107 3.94783e-5 2.59826e-5 -1 4.85383e-5 2.86075e-5 -1 -0.5000093 -0.86602 -6.34289e-6 -0.3535476 -0.6123862 -0.7070978 -0.3535643 -0.6124293 0.7070521 -0.500012 -0.8660185 -1.34974e-5 1.06245e-4 -4.4018e-5 1 -0.3535383 -0.6123985 0.7070918 0.3535581 0.6123387 0.7071337 0.3535671 0.6123677 0.7071041 0.5000035 0.8660234 -1.52378e-5 0.5000082 0.8660207 -8.78927e-6 0.3535532 0.6123744 -0.7071052 0.353559 0.6123715 -0.7071048 -0.525875 -0.4949935 0.6916915 -0.1800637 0.1039691 0.978145 -0.5258477 -0.4949838 0.6917191 -0.1800513 0.1039478 -0.9781495 -0.525873 -0.4950343 -0.6916637 -0.1800619 0.103962 -0.9781461 0.1657866 0.7029374 -0.6916603 0.1657474 0.7029174 0.6916899 0.1657379 0.7029093 0.6917004 -0.6691305 -0.743145 7.09293e-5 -0.6691241 -0.7431507 -1.32618e-6 -0.1800613 0.103974 0.9781449 -0.5258849 -0.4950385 -0.6916517 -0.8313419 0.4799809 -0.2801592 -0.7322909 0.6515359 -0.1981188 -0.8313306 0.4799736 -0.2802049 -0.7322833 0.6515571 -0.198077 -0.691282 0.7225852 -2.67469e-6 -0.6912872 0.7225802 -5.99445e-6 -0.7322821 0.6515472 0.1981141 -0.8313444 0.4799835 0.2801469 -0.8313329 0.4799787 0.2801891 -0.9304002 0.3083926 0.1981149 -0.9714184 0.237374 -8.61026e-7 -0.9714189 0.2373722 -2.31365e-6 0.3090355 0.9510505 1.02536e-5 0.1657623 0.702921 -0.6916827 0.3090191 0.9510558 -4.50673e-5 -0.9304029 0.3084061 -0.1980813 -0.9303897 0.3084191 -0.1981228 0.8660361 -0.4999817 -3.36873e-6 0.8660314 -0.4999897 -2.10951e-7 0.8660241 -0.5000023 1.89762e-5 -0.3536672 -0.6123138 -0.7071008 -1.1846e-4 9.64943e-5 -1 -1.07829e-4 1.06977e-4 -1 -0.5000183 -0.8660148 -4.98775e-6 -0.3536949 -0.6123296 -0.7070732 -0.3536736 -0.612348 0.7070679 -0.353651 -0.6123222 0.7071015 1.42908e-5 8.70229e-6 1 4.14207e-5 -1.99197e-6 1 0.3534763 0.612414 0.7071095 0.4999967 0.8660274 -1.86291e-5 0.3534886 0.6124445 0.7070769 0.3534734 0.612407 -0.707117 0.3534557 0.612395 -0.7071362 -0.5259177 -0.495059 0.6916121 -0.1800727 0.1039788 0.9781423 -0.5258867 -0.4950571 0.691637 -0.1800371 0.1039452 -0.9781525 -0.525867 -0.4950143 -0.6916826 -0.1800812 0.1039706 -0.9781416 0.1658329 0.7029632 -0.6916229 0.1657633 0.7029716 0.6916311 0.1657757 0.7029843 0.6916153 -0.6691132 -0.7431605 3.98931e-6 -0.6691179 -0.7431563 -3.08241e-5 -0.1801101 0.1039937 0.9781337 -0.5258631 -0.4951013 -0.6916234 -0.8313481 0.4799712 -0.280157 -0.7322736 0.6515596 -0.1981047 -0.8313595 0.4799613 -0.2801401 -0.7322568 0.6515715 -0.1981278 -0.6912134 0.7226507 -1.64374e-5 -0.6912477 0.7226179 -2.6617e-5 -0.7322839 0.6515442 0.1981173 -0.7323341 0.6514805 0.1981412 -0.831348 0.4799712 0.2801577 -0.930394 0.3083971 0.1981371 -0.9304 0.3083972 0.1981086 -0.9714359 0.2373022 1.14081e-5 0.1657838 0.7029536 -0.6916444 0.3090202 0.9510556 -2.82697e-5 0.3090088 0.9510592 -1.34664e-5 -0.9304048 0.3083699 -0.1981288 -0.930406 0.3083785 -0.1981095 0.8660298 -0.4999924 9.63232e-7 0.8660336 -0.4999859 -1.20664e-5 0.8660203 -0.5000091 7.88277e-6 -0.3534765 -0.6123867 -0.7071329 8.75606e-5 -3.69915e-5 -1 -0.3534851 -0.6124141 -0.7071049 -0.5000039 -0.8660231 -7.85903e-5 -0.4999896 -0.8660315 6.6229e-5 -0.3535357 -0.6123703 0.7071174 -0.3535265 -0.6123806 0.7071132 -7.18879e-6 1.41183e-7 1 0.3534656 0.6123976 0.707129 -2.1673e-5 5.56008e-6 1 0.5000097 0.86602 7.50549e-5 0.3534535 0.6124188 0.7071166 0.3536993 0.612327 -0.7070732 0.4999976 0.8660268 -6.49182e-5 0.3536695 0.6123094 -0.7071033 -0.1800401 0.1039441 0.9781519 -0.5258805 -0.495073 0.6916303 -0.5258737 -0.4949904 0.6916946 -0.5258538 -0.495072 -0.6916514 -0.1800735 0.1039609 -0.9781441 -0.1800045 0.1039286 -0.9781602 0.1658014 0.7029983 -0.6915948 0.1658455 0.7029488 0.6916345 0.165734 0.7029061 0.6917046 -0.6691366 -0.7431395 -2.48841e-5 -0.6691302 -0.7431452 -2.01451e-5 -0.1799665 0.1039132 0.9781688 -0.5259085 -0.4950975 -0.6915915 -0.866028 0.4999957 -5.36746e-5 -0.8659885 0.500064 -5.56822e-5 -0.866018 0.5000129 -5.70759e-5 -1.51364e-5 3.22004e-5 -1 0.4330638 0.7499402 -0.5000455 0.432938 0.7500125 -0.5000461 0.4331139 0.7499918 0.4999247 0.432959 0.7499411 0.5001348 3.39879e-5 2.08045e-5 1 -0.4331229 -0.749983 0.4999301 -0.4329317 -0.7499453 0.5001522 -0.4329516 -0.7499837 -0.5000773 -0.4330695 -0.7499197 -0.5000714 0.5000015 0.8660246 1.17774e-6 0.8660469 0.4999629 -1.54193e-5 0.8660237 0.5000029 -2.9244e-5 0.8660175 -0.5000138 -2.93294e-5 2.20821e-5 -1 -2.00769e-5 -2.71868e-5 -1 -3.5349e-5 -0.4999904 -0.8660309 -3.22597e-6 -0.5000086 -0.8660205 1.77517e-6 -0.8660339 -0.4999856 1.2438e-5 -0.5000079 -0.8660208 0 -0.8660227 0.5000048 2.00857e-5 -0.866013 -0.5000217 3.51442e-5 -1.61013e-6 1 5.16797e-6 -0.8660266 0.4999978 -2.70365e-5 0.5000087 0.8660204 1.43485e-6 5.18749e-5 1 2.83023e-5 1.31204e-5 9.11874e-6 -1 3.72082e-4 1.05462e-4 -1 2.45986e-6 -4.74443e-5 1 -1.84915e-5 6.08794e-6 1 -2.0829e-5 4.66955e-6 1 3.5699e-4 -1.83378e-4 -1 3.737e-4 1.07288e-4 -1 -7.26925e-5 6.87438e-6 1 -7.21842e-5 0 1 4.21405e-5 -2.06056e-4 -1 3.6095e-4 -1.99978e-4 -1 4.57195e-5 -4.94332e-6 1 5.17756e-5 0 1 -4.92048e-6 -9.98671e-6 -1 4.16555e-5 -1.99922e-4 -1 8.19976e-6 -4.31102e-5 1 -5.20264e-5 0 1 -0.865128 0.4994817 -0.04551458 -5.20264e-5 0 -1 -2.60132e-5 0 1 -1.30066e-5 0 1 1.04052e-4 0 1 -0.8651278 0.4994823 -0.04551452 -2.60132e-5 0 -1 -5.20261e-5 0 1 2.60131e-5 0 1 -0.8651278 0.4994823 -0.0455147 2.6013e-5 0 -1 2.6013e-5 0 -1 -5.20261e-5 0 -1 1.6707e-6 0 -1 0.4999963 0.8660276 0 -2.97013e-6 0 1 -0.4999985 -0.8660263 0 0.5000099 0.8660198 6.98472e-6 0.8660323 -0.499988 0 -0.4999979 -0.8660266 1.45518e-6 -9.22456e-6 0 1 0.500011 0.8660192 3.78339e-6 -0.4999973 -0.866027 4.65656e-6 -9.22456e-6 0 1 -0.4999974 -0.8660269 0 2.8738e-5 0 1 0.499994 0.8660289 -6.98487e-6 -0.500017 -0.8660156 0 -0.7323055 0.6515281 -0.1980907 -0.9304063 0.3083494 0.1981536 0.8660311 -0.4999902 -6.33749e-6 0.8660337 -0.4999856 -1.05631e-6 0.8660692 -0.4999242 0 0.8660244 -0.5000017 5.38699e-5 0.8659716 -0.5000932 0 1.3754e-4 -7.26414e-5 1 -0.7322752 0.6515651 0.1980808 -0.9304034 0.3083974 0.1980929 0.8660307 -0.4999911 7.92256e-5 0.8660331 -0.4999867 -1.96113e-5 0.8660151 -0.5000179 5.43774e-6 0.8660209 -0.5000079 2.85234e-5 0.8660194 -0.5000105 2.88193e-5 -0.5000205 -0.8660137 8.81009e-6 0.4999887 0.8660321 2.86898e-5 -0.8313444 0.4799833 0.2801475 -0.9714443 0.2372677 3.28393e-5 0.8660295 -0.4999931 -5.93117e-6 0.8660156 -0.5000171 4.26411e-6 0.8659929 -0.5000564 3.16888e-6 0.8660243 -0.500002 2.85218e-5 0.8660212 -0.5000075 2.88203e-5 1.13259e-5 -3.47889e-5 -1 -0.8660615 0.4999377 -5.35916e-5 -0.865994 0.5000544 -1.44525e-4 -0.8660334 0.4999862 -1.2646e-4 -0.8659541 0.5001236 -1.62665e-4 -0.8661535 0.499778 -1.35562e-4 1.84015e-5 4.60037e-6 -1 1.60106e-5 2.89986e-5 1 0.5000123 0.8660184 -1.03944e-5 0.8660268 -0.4999979 0 -0.5000224 -0.8660126 3.06392e-6 0.5000212 0.8660133 -1.62994e-5 0 -3.62993e-5 1 0 9.07639e-6 -1 -0.8313341 0.4799739 -0.280194 -0.831353 0.4799714 0.2801422 0.8660405 -0.4999738 0 0.8660371 -0.4999799 0 0.8660706 -0.4999218 0 0.8660396 -0.4999753 4.82591e-5 0.8659735 -0.5000901 0 -0.3535215 -0.612389 -0.7071084 -1.91509e-5 -3.0929e-5 1 -0.732288 0.6515512 0.1980792 -0.9304175 0.308371 0.198067 0.86603 -0.4999922 6.68775e-5 0.866024 -0.5000025 -1.8252e-5 0.8660144 -0.5000193 4.87069e-6 0.8660314 -0.4999899 2.96106e-5 0.8660213 -0.500007 2.81801e-5 0.5000221 0.8660127 1.78667e-5 -0.8313401 0.4799872 0.2801538 -0.9714432 0.2372723 2.409e-5 0.8660309 -0.4999907 -7.48162e-6 0.8660137 -0.5000203 4.99436e-6 0.8659984 -0.5000469 4.99319e-6 0.8660243 -0.500002 3.20871e-5 0.8660209 -0.5000078 3.09186e-5 1.34619e-5 -2.74167e-5 -1 -0.8660604 0.4999395 -5.53051e-5 -0.8659765 0.5000848 -1.32407e-4 -0.8660647 0.4999321 -1.37826e-4 -0.8659551 0.500122 -1.45721e-4 -0.8661284 0.4998216 -1.51393e-4 1.82055e-5 1.67595e-5 -1 1.04583e-5 1.96025e-5 1 0.5000278 0.8660094 2.27366e-6 0.8660196 -0.5000103 0 -0.5000401 -0.8660023 -2.44747e-6 0.4999757 0.8660395 2.71655e-6 0 -3.62979e-5 1 -0.8313454 0.4799813 0.2801477 0.8660407 -0.4999736 0 0.8660368 -0.4999802 0 0.8660151 -0.5000178 4.91161e-5 0.8659734 -0.5000902 0 6.39529e-5 -3.62893e-5 1 -0.7322743 0.6515666 0.1980791 -0.9304177 0.3083693 0.1980689 0.8660307 -0.4999911 6.97185e-5 0.8660243 -0.5000021 -1.46336e-5 0.8660143 -0.5000196 4.96843e-6 0.8660243 -0.500002 3.16909e-5 0.86602 -0.5000095 2.93472e-5 -0.5000129 -0.8660179 1.7723e-5 0.4999973 0.866027 3.09485e-5 -0.8313422 0.4799854 0.2801504 -0.9714457 0.2372623 2.33773e-5 0.8660288 -0.4999943 -6.44611e-6 0.866014 -0.5000199 4.01435e-6 0.8659943 -0.500054 4.75333e-6 0.8660307 -0.4999911 3.16902e-5 0.8660221 -0.500006 2.71604e-5 1.24145e-5 -3.27153e-5 -1 -0.8660593 0.4999414 -5.46914e-5 -0.8659819 0.5000755 -1.30996e-4 -0.8660559 0.4999473 -1.37755e-4 -0.8659538 0.500124 -1.40072e-4 -0.8661617 0.499764 -1.49114e-4 1.93666e-5 1.97828e-5 -1 9.76837e-6 1.83978e-5 1 0.5000295 0.8660085 5.19695e-6 0.866026 -0.4999991 0 0.5000084 0.8660206 0 0 -4.53726e-5 1 -3.89829e-6 0 -1 0.5000008 0.866025 0 -0.8660229 0.5000044 0 0.5000014 0.8660246 1.16414e-6 0.8660323 -0.4999881 0 -9.22456e-6 0 1 0.8660278 -0.4999959 0 0.5000004 0.8660253 4.07448e-6 -0.4999973 -0.866027 4.65656e-6 0.8660278 -0.4999959 0 4.25748e-6 0 1 0.500001 0.8660249 -9.31308e-6 1.70299e-5 0 -1 -0.7322839 0.6515495 -0.1981 -0.9303962 0.3083696 0.1981693 0.8660249 -0.5000012 -3.16882e-6 0.8660343 -0.4999847 -5.28167e-7 0.8660787 -0.4999077 0 0.8660408 -0.4999732 5.06961e-5 0.8659825 -0.5000743 0 1.24591e-4 -4.17116e-5 1 -0.7322971 0.6515406 0.1980805 -0.9304068 0.3083885 0.1980904 0.8660243 -0.500002 7.60582e-5 0.8660233 -0.5000038 -1.79526e-5 0.8660216 -0.5000067 5.07389e-6 0.8660336 -0.499986 3.16913e-5 0.8660216 -0.5000069 2.93473e-5 -0.4999885 -0.8660321 3.14002e-5 0.5000126 0.8660182 1.93044e-5 -0.8313519 0.4799731 0.2801427 -0.9714431 0.2372728 3.55477e-5 0.8660269 -0.4999976 -6.98738e-6 0.8660082 -0.5000299 3.17061e-6 0.8659879 -0.500065 3.16896e-6 0.8660307 -0.4999911 2.85212e-5 0.8660305 -0.4999912 2.88193e-5 7.3788e-5 -3.72123e-5 -1 -0.8660638 0.4999334 -5.41105e-5 -0.8659961 0.500051 -1.53558e-4 -0.8660554 0.4999482 -1.21936e-4 -0.8658807 0.5002506 -1.71744e-4 -0.8661065 0.4998596 -1.44622e-4 5.31117e-5 -4.31553e-6 -1 4.27117e-6 2.26482e-5 1 0.5000123 0.8660184 0 0.8660178 -0.5000133 0 -0.4999974 -0.8660269 3.06143e-6 0.4999897 0.8660314 -1.62998e-5 2.74574e-4 -3.62993e-5 1 -2.74622e-4 9.07639e-6 -1 -0.8313346 0.4799718 -0.280196 -0.8313513 0.4799706 0.2801488 0.8660151 -0.5000178 0 0.8660326 -0.4999877 0 0.8660678 -0.4999266 0 0.8660311 -0.4999902 4.8212e-5 0.8659672 -0.5001011 0 -0.3535302 -0.6123855 -0.7071071 1.24424e-4 -4.03143e-5 1 -0.7322859 0.6515533 0.1980803 -0.9304065 0.3083948 0.1980819 0.866025 -0.5000008 6.69409e-5 0.8660232 -0.5000039 -1.82414e-5 0.8660182 -0.5000126 4.87023e-6 0.866025 -0.5000008 2.95122e-5 0.8660292 -0.4999938 2.82312e-5 0.4999867 0.866033 1.92427e-5 -0.831349 0.4799771 0.2801444 -0.9714445 0.2372671 3.79977e-5 0.8660259 -0.4999991 -7.52991e-6 0.8660079 -0.5000304 4.99501e-6 0.8659834 -0.5000728 4.99487e-6 0.8660307 -0.4999911 3.22844e-5 0.8660307 -0.4999908 3.08139e-5 1.57126e-4 -3.93277e-5 -1 -0.8660618 0.4999372 -5.53451e-5 -0.8659844 0.5000713 -1.3269e-4 -0.8660491 0.4999592 -1.37753e-4 -0.8658905 0.5002337 -1.45758e-4 -0.8661351 0.4998101 -1.51824e-4 3.12195e-6 1.91699e-5 -1 2.77079e-6 1.90341e-5 1 0.4999989 0.8660262 2.27371e-6 0.8660278 -0.4999958 0 -0.4999844 -0.8660344 -2.4501e-6 0.5000082 0.8660207 2.03737e-6 -0.7322531 0.6515656 0.1981605 0.8660216 -0.5000069 -1.58436e-6 0.866032 -0.4999888 -2.64082e-7 0.8660342 -0.4999849 4.91129e-5 0.8659766 -0.5000847 0 1.24969e-4 -4.05609e-5 1 -0.7322883 0.6515511 0.1980783 -0.9304125 0.3083783 0.1980792 0.8660307 -0.4999911 6.8134e-5 0.8660243 -0.5000019 -1.70854e-5 0.8660193 -0.5000109 4.09292e-6 0.8660243 -0.500002 3.486e-5 0.8660288 -0.4999943 2.98746e-5 -0.5000129 -0.8660179 3.27967e-5 0.5000041 0.8660231 1.77846e-5 -0.8313491 0.4799765 0.2801453 -0.9714428 0.2372739 4.58494e-5 0.8660278 -0.4999958 -5.91769e-6 0.866004 -0.5000371 4.56169e-6 0.8659847 -0.5000705 4.75349e-6 0.8660307 -0.4999911 3.32747e-5 0.8660307 -0.4999908 2.96115e-5 7.46507e-5 -3.55695e-5 -1 -0.8660574 0.4999447 -5.50715e-5 -0.8659814 0.5000764 -1.35513e-4 -0.8660569 0.4999456 -1.40013e-4 -0.8658809 0.5002501 -1.49146e-4 -0.8660975 0.4998753 -1.46887e-4 3.50534e-6 1.98271e-5 -1 1.57705e-6 1.79608e-5 1 0.4999982 0.8660265 0 0.8660177 -0.5000135 0 0.5000084 0.8660206 5.43298e-6 0 -4.53742e-5 1</float_array>
          <technique_common>
            <accessor source="#Cylinder_004-mesh-normals-array" count="1784" stride="3">
              <param name="X" type="float"/>
              <param name="Y" type="float"/>
              <param name="Z" type="float"/>
            </accessor>
          </technique_common>
        </source>
        <source id="Cylinder_004-mesh-map-0">
          <float_array id="Cylinder_004-mesh-map-0-array" count="11088">0.5110566 0.9090909 0.510407 1 0.510407 0.9090909 0.510407 0.9090909 0.5091077 1 0.5091077 0.9090909 0.5091077 1 0.508458 0.9090909 0.5091077 0.9090909 0.5084579 1 0.5078083 0.9090909 0.5084579 0.9090909 0.5110567 0.003248214 0.5133072 0.003248214 0.5121819 0.005197167 0.5078083 1 0.506509 0.9090909 0.5078083 0.9090909 0.506509 0.9090909 0.5058593 1 0.5058594 0.9090909 0.5121819 0 0.5133072 0.001948952 0.5110567 0.001948952 0.506509 0.09090906 0.5058594 0 0.5065091 0 0.506509 0.1818181 0.5058594 0.09090906 0.506509 0.09090906 0.506509 0.2727273 0.5058594 0.1818181 0.506509 0.1818181 0.506509 0.3636364 0.5058594 0.2727273 0.506509 0.2727273 0.506509 0.4545454 0.5058594 0.3636364 0.506509 0.3636364 0.506509 0.4545454 0.5058594 0.5454546 0.5058594 0.4545455 0.506509 0.5454546 0.5058594 0.6363637 0.5058594 0.5454546 0.506509 0.6363636 0.5058594 0.7272728 0.5058594 0.6363637 0.506509 0.7272727 0.5058594 0.8181818 0.5058594 0.7272728 0.506509 0.8181818 0.5058594 0.9090909 0.5058594 0.8181818 0.5078083 0 0.506509 0.09090906 0.5065091 0 0.5078083 0.09090906 0.506509 0.1818181 0.506509 0.09090906 0.5078083 0.1818181 0.506509 0.2727273 0.506509 0.1818181 0.5078083 0.2727273 0.506509 0.3636364 0.506509 0.2727273 0.5078083 0.3636364 0.506509 0.4545454 0.506509 0.3636364 0.5078083 0.5454546 0.506509 0.4545454 0.5078083 0.4545454 0.5078083 0.6363636 0.506509 0.5454546 0.5078083 0.5454546 0.5078083 0.7272727 0.506509 0.6363636 0.5078083 0.6363636 0.5078083 0.8181818 0.506509 0.7272727 0.5078083 0.7272727 0.5078083 0.9090909 0.506509 0.8181818 0.5078083 0.8181818 0.508458 0 0.5078083 0.09090906 0.5078083 0 0.508458 0.09090906 0.5078083 0.1818181 0.5078083 0.09090906 0.5084579 0.1818181 0.5078083 0.2727273 0.5078083 0.1818181 0.5084579 0.2727273 0.5078083 0.3636364 0.5078083 0.2727273 0.5084579 0.3636364 0.5078083 0.4545454 0.5078083 0.3636364 0.5084579 0.5454546 0.5078083 0.4545454 0.5084579 0.4545454 0.5084579 0.6363636 0.5078083 0.5454546 0.5084579 0.5454546 0.5084579 0.7272727 0.5078083 0.6363636 0.5084579 0.6363636 0.5084579 0.8181818 0.5078083 0.7272727 0.5084579 0.7272727 0.5084579 0.9090909 0.5078083 0.8181818 0.5084579 0.8181818 0.5091078 0 0.508458 0.09090906 0.5084581 0 0.5091077 0.09090906 0.508458 0.1818181 0.508458 0.09090906 0.5091077 0.1818181 0.508458 0.2727273 0.508458 0.1818181 0.5091077 0.2727273 0.508458 0.3636364 0.508458 0.2727273 0.5091077 0.3636364 0.508458 0.4545454 0.508458 0.3636364 0.5091077 0.5454546 0.508458 0.4545454 0.5091077 0.4545454 0.5091077 0.6363636 0.508458 0.5454546 0.5091077 0.5454546 0.5091077 0.7272727 0.508458 0.6363636 0.5091077 0.6363636 0.5091077 0.8181818 0.508458 0.7272727 0.5091077 0.7272727 0.5091077 0.9090909 0.508458 0.8181818 0.5091077 0.8181818 0.510407 0.09090906 0.5091078 0 0.510407 0 0.510407 0.1818181 0.5091077 0.09090906 0.510407 0.09090906 0.510407 0.2727273 0.5091077 0.1818181 0.510407 0.1818181 0.510407 0.3636364 0.5091077 0.2727273 0.510407 0.2727273 0.510407 0.4545454 0.5091077 0.3636364 0.510407 0.3636364 0.510407 0.5454546 0.5091077 0.4545454 0.510407 0.4545454 0.510407 0.5454546 0.5091077 0.6363636 0.5091077 0.5454546 0.510407 0.6363636 0.5091077 0.7272727 0.5091077 0.6363636 0.510407 0.7272727 0.5091077 0.8181818 0.5091077 0.7272727 0.510407 0.8181818 0.5091077 0.9090909 0.5091077 0.8181818 0.5110567 0.09090906 0.510407 0 0.5110567 0 0.5110567 0.1818181 0.510407 0.09090906 0.5110567 0.09090906 0.5110567 0.2727273 0.510407 0.1818181 0.5110567 0.1818181 0.5110567 0.3636364 0.510407 0.2727273 0.5110567 0.2727273 0.5110567 0.4545455 0.510407 0.3636364 0.5110567 0.3636364 0.5110567 0.5454546 0.510407 0.4545454 0.5110567 0.4545455 0.5110567 0.5454546 0.510407 0.6363636 0.510407 0.5454546 0.5110567 0.6363637 0.510407 0.7272727 0.510407 0.6363636 0.5110567 0.7272728 0.510407 0.8181818 0.510407 0.7272727 0.5110566 0.8181818 0.510407 0.9090909 0.510407 0.8181818 0.5110566 0.9090909 0.510407 1 0.510407 0.9090909 0.510407 0.9090909 0.5091077 1 0.5091077 0.9090909 0.5091077 1 0.508458 0.9090909 0.5091077 0.9090909 0.5084579 1 0.5078083 0.9090909 0.5084579 0.9090909 0.5133072 0.003248214 0.5133072 0.004547536 0.5121819 0.005197167 0.5078083 1 0.506509 0.9090909 0.5078083 0.9090909 0.506509 0.9090909 0.5058593 1 0.5058594 0.9090909 0.5133072 0.001948952 0.5121819 0.002598583 0.5110567 0.001948952 0.506509 0.09090906 0.5058594 0 0.5065091 0 0.506509 0.1818181 0.5058594 0.09090906 0.506509 0.09090906 0.506509 0.2727273 0.5058594 0.1818181 0.506509 0.1818181 0.506509 0.3636364 0.5058594 0.2727273 0.506509 0.2727273 0.506509 0.4545454 0.5058594 0.3636364 0.506509 0.3636364 0.506509 0.4545454 0.5058594 0.5454546 0.5058594 0.4545455 0.506509 0.5454546 0.5058594 0.6363637 0.5058594 0.5454546 0.506509 0.6363636 0.5058594 0.7272728 0.5058594 0.6363637 0.506509 0.7272727 0.5058594 0.8181818 0.5058594 0.7272728 0.506509 0.8181818 0.5058594 0.9090909 0.5058594 0.8181818 0.5078083 0 0.506509 0.09090906 0.5065091 0 0.5078083 0.09090906 0.506509 0.1818181 0.506509 0.09090906 0.5078083 0.1818181 0.506509 0.2727273 0.506509 0.1818181 0.5078083 0.2727273 0.506509 0.3636364 0.506509 0.2727273 0.5078083 0.3636364 0.506509 0.4545454 0.506509 0.3636364 0.5078083 0.5454546 0.506509 0.4545454 0.5078083 0.4545454 0.5078083 0.6363636 0.506509 0.5454546 0.5078083 0.5454546 0.5078083 0.7272727 0.506509 0.6363636 0.5078083 0.6363636 0.5078083 0.8181818 0.506509 0.7272727 0.5078083 0.7272727 0.5078083 0.9090909 0.506509 0.8181818 0.5078083 0.8181818 0.508458 0 0.5078083 0.09090906 0.5078083 0 0.508458 0.09090906 0.5078083 0.1818181 0.5078083 0.09090906 0.5084579 0.1818181 0.5078083 0.2727273 0.5078083 0.1818181 0.5084579 0.2727273 0.5078083 0.3636364 0.5078083 0.2727273 0.5084579 0.3636364 0.5078083 0.4545454 0.5078083 0.3636364 0.5084579 0.5454546 0.5078083 0.4545454 0.5084579 0.4545454 0.5084579 0.6363636 0.5078083 0.5454546 0.5084579 0.5454546 0.5084579 0.7272727 0.5078083 0.6363636 0.5084579 0.6363636 0.5084579 0.8181818 0.5078083 0.7272727 0.5084579 0.7272727 0.5084579 0.9090909 0.5078083 0.8181818 0.5084579 0.8181818 0.5091078 0 0.508458 0.09090906 0.5084581 0 0.5091077 0.09090906 0.508458 0.1818181 0.508458 0.09090906 0.5091077 0.1818181 0.508458 0.2727273 0.508458 0.1818181 0.5091077 0.2727273 0.508458 0.3636364 0.508458 0.2727273 0.5091077 0.3636364 0.508458 0.4545454 0.508458 0.3636364 0.5091077 0.5454546 0.508458 0.4545454 0.5091077 0.4545454 0.5091077 0.6363636 0.508458 0.5454546 0.5091077 0.5454546 0.5091077 0.7272727 0.508458 0.6363636 0.5091077 0.6363636 0.5091077 0.8181818 0.508458 0.7272727 0.5091077 0.7272727 0.5091077 0.9090909 0.508458 0.8181818 0.5091077 0.8181818 0.510407 0.09090906 0.5091078 0 0.510407 0 0.510407 0.1818181 0.5091077 0.09090906 0.510407 0.09090906 0.510407 0.2727273 0.5091077 0.1818181 0.510407 0.1818181 0.510407 0.3636364 0.5091077 0.2727273 0.510407 0.2727273 0.510407 0.4545454 0.5091077 0.3636364 0.510407 0.3636364 0.510407 0.5454546 0.5091077 0.4545454 0.510407 0.4545454 0.510407 0.5454546 0.5091077 0.6363636 0.5091077 0.5454546 0.510407 0.6363636 0.5091077 0.7272727 0.5091077 0.6363636 0.510407 0.7272727 0.5091077 0.8181818 0.5091077 0.7272727 0.510407 0.8181818 0.5091077 0.9090909 0.5091077 0.8181818 0.5110567 0.09090906 0.510407 0 0.5110567 0 0.5110567 0.1818181 0.510407 0.09090906 0.5110567 0.09090906 0.5110567 0.2727273 0.510407 0.1818181 0.5110567 0.1818181 0.5110567 0.3636364 0.510407 0.2727273 0.5110567 0.2727273 0.5110567 0.4545455 0.510407 0.3636364 0.5110567 0.3636364 0.5110567 0.5454546 0.510407 0.4545454 0.5110567 0.4545455 0.5110567 0.5454546 0.510407 0.6363636 0.510407 0.5454546 0.5110567 0.6363637 0.510407 0.7272727 0.510407 0.6363636 0.5110567 0.7272728 0.510407 0.8181818 0.510407 0.7272727 0.5110566 0.8181818 0.510407 0.9090909 0.510407 0.8181818 0.5110566 0.9090909 0.510407 1 0.510407 0.9090909 0.510407 0.9090909 0.5091077 1 0.5091077 0.9090909 0.5091077 1 0.508458 0.9090909 0.5091077 0.9090909 0.5084579 1 0.5078083 0.9090909 0.5084579 0.9090909 0.5133072 0.004547536 0.5121819 0.005197167 0.5110567 0.003248214 0.5078083 1 0.506509 0.9090909 0.5078083 0.9090909 0.506509 0.9090909 0.5058593 1 0.5058594 0.9090909 0.5133072 0.001948952 0.5121819 0.002598583 0.5110567 0.001948952 0.506509 0.09090906 0.5058594 0 0.5065091 0 0.506509 0.1818181 0.5058594 0.09090906 0.506509 0.09090906 0.506509 0.2727273 0.5058594 0.1818181 0.506509 0.1818181 0.506509 0.3636364 0.5058594 0.2727273 0.506509 0.2727273 0.506509 0.4545454 0.5058594 0.3636364 0.506509 0.3636364 0.506509 0.4545454 0.5058594 0.5454546 0.5058594 0.4545455 0.506509 0.5454546 0.5058594 0.6363637 0.5058594 0.5454546 0.506509 0.6363636 0.5058594 0.7272728 0.5058594 0.6363637 0.506509 0.7272727 0.5058594 0.8181818 0.5058594 0.7272728 0.506509 0.8181818 0.5058594 0.9090909 0.5058594 0.8181818 0.5078083 0 0.506509 0.09090906 0.5065091 0 0.5078083 0.09090906 0.506509 0.1818181 0.506509 0.09090906 0.5078083 0.1818181 0.506509 0.2727273 0.506509 0.1818181 0.5078083 0.2727273 0.506509 0.3636364 0.506509 0.2727273 0.5078083 0.3636364 0.506509 0.4545454 0.506509 0.3636364 0.5078083 0.5454546 0.506509 0.4545454 0.5078083 0.4545454 0.5078083 0.6363636 0.506509 0.5454546 0.5078083 0.5454546 0.5078083 0.7272727 0.506509 0.6363636 0.5078083 0.6363636 0.5078083 0.8181818 0.506509 0.7272727 0.5078083 0.7272727 0.5078083 0.9090909 0.506509 0.8181818 0.5078083 0.8181818 0.508458 0 0.5078083 0.09090906 0.5078083 0 0.508458 0.09090906 0.5078083 0.1818181 0.5078083 0.09090906 0.5084579 0.1818181 0.5078083 0.2727273 0.5078083 0.1818181 0.5084579 0.2727273 0.5078083 0.3636364 0.5078083 0.2727273 0.5084579 0.3636364 0.5078083 0.4545454 0.5078083 0.3636364 0.5084579 0.5454546 0.5078083 0.4545454 0.5084579 0.4545454 0.5084579 0.6363636 0.5078083 0.5454546 0.5084579 0.5454546 0.5084579 0.7272727 0.5078083 0.6363636 0.5084579 0.6363636 0.5084579 0.8181818 0.5078083 0.7272727 0.5084579 0.7272727 0.5084579 0.9090909 0.5078083 0.8181818 0.5084579 0.8181818 0.5091078 0 0.508458 0.09090906 0.5084581 0 0.5091077 0.09090906 0.508458 0.1818181 0.508458 0.09090906 0.5091077 0.1818181 0.508458 0.2727273 0.508458 0.1818181 0.5091077 0.2727273 0.508458 0.3636364 0.508458 0.2727273 0.5091077 0.3636364 0.508458 0.4545454 0.508458 0.3636364 0.5091077 0.5454546 0.508458 0.4545454 0.5091077 0.4545454 0.5091077 0.6363636 0.508458 0.5454546 0.5091077 0.5454546 0.5091077 0.7272727 0.508458 0.6363636 0.5091077 0.6363636 0.5091077 0.8181818 0.508458 0.7272727 0.5091077 0.7272727 0.5091077 0.9090909 0.508458 0.8181818 0.5091077 0.8181818 0.510407 0.09090906 0.5091078 0 0.510407 0 0.510407 0.1818181 0.5091077 0.09090906 0.510407 0.09090906 0.510407 0.2727273 0.5091077 0.1818181 0.510407 0.1818181 0.510407 0.3636364 0.5091077 0.2727273 0.510407 0.2727273 0.510407 0.4545454 0.5091077 0.3636364 0.510407 0.3636364 0.510407 0.5454546 0.5091077 0.4545454 0.510407 0.4545454 0.510407 0.5454546 0.5091077 0.6363636 0.5091077 0.5454546 0.510407 0.6363636 0.5091077 0.7272727 0.5091077 0.6363636 0.510407 0.7272727 0.5091077 0.8181818 0.5091077 0.7272727 0.510407 0.8181818 0.5091077 0.9090909 0.5091077 0.8181818 0.5110567 0.09090906 0.510407 0 0.5110567 0 0.5110567 0.1818181 0.510407 0.09090906 0.5110567 0.09090906 0.5110567 0.2727273 0.510407 0.1818181 0.5110567 0.1818181 0.5110567 0.3636364 0.510407 0.2727273 0.5110567 0.2727273 0.5110567 0.4545455 0.510407 0.3636364 0.5110567 0.3636364 0.5110567 0.5454546 0.510407 0.4545454 0.5110567 0.4545455 0.5110567 0.5454546 0.510407 0.6363636 0.510407 0.5454546 0.5110567 0.6363637 0.510407 0.7272727 0.510407 0.6363636 0.5110567 0.7272728 0.510407 0.8181818 0.510407 0.7272727 0.5110566 0.8181818 0.510407 0.9090909 0.510407 0.8181818 0.1141876 -0.2255401 0.02183318 2.734264 0.02183318 -0.2255401 0.114057 2.734263 0.02187669 -0.2255406 0.114057 -0.2255409 0.1140571 2.734262 0.02187675 -0.225541 0.1140571 -0.2255412 0.1141006 2.734262 0.02174615 -0.225541 0.1141006 -0.225541 0.1160689 0.6665732 0.02388876 0.5743928 0.1160689 0.5743928 0.2671135 0.7275838 0.1749331 1.74649e-4 0.2671135 1.74374e-4 0.2670699 1.74113e-4 0.1748896 0.7275838 0.1748896 1.74374e-4 0.2670701 0.7275839 0.1748897 1.74649e-4 0.2670701 1.74388e-4 0.2672005 0.7275848 0.174846 1.75267e-4 0.2670264 1.74992e-4 0.3867788 0.2332094 0.4007833 0.2285412 0.4007833 0.2332094 0.3073174 0.2285412 0.3119856 0.5553129 0.3073174 0.5553129 0.3306583 0.2285412 0.3119856 0.5553129 0.3119856 0.2285412 0.3539991 0.2285412 0.3493309 0.5553129 0.3493309 0.2285412 0.3821107 0.2659379 0.3867788 0.2519334 0.3867788 0.2659379 0.3821107 0.2472139 0.3867788 0.2332094 0.3867788 0.2472139 0.3867788 0.2519334 0.4007833 0.2472652 0.4007833 0.2519334 0.3540503 0.5553129 0.3680549 0.2285413 0.3680549 0.5553129 0.3680549 0.2285413 0.3820593 0.5553129 0.3680549 0.5553129 0.3493309 0.5553129 0.3306583 0.2285412 0.3493309 0.2285412 0.3867788 0.2332094 0.4007833 0.2285412 0.4007833 0.2332094 0.3073174 0.2285412 0.3119856 0.5553129 0.3073174 0.5553129 0.3306583 0.2285412 0.3119856 0.5553129 0.3119856 0.2285412 0.3539991 0.2285412 0.3493309 0.5553129 0.3493309 0.2285412 0.3821107 0.2659379 0.3867788 0.2519334 0.3867788 0.2659379 0.3821107 0.2472139 0.3867788 0.2332094 0.3867788 0.2472139 0.3867788 0.2519334 0.4007833 0.2472652 0.4007833 0.2519334 0.3540503 0.5553129 0.3680549 0.2285413 0.3680549 0.5553129 0.3680549 0.2285413 0.3820593 0.5553129 0.3680549 0.5553129 0.3493309 0.5553129 0.3306583 0.2285412 0.3493309 0.2285412 0.3867788 0.2332094 0.4007833 0.2285412 0.3821107 0.2285412 0.3073174 0.2285412 0.3119856 0.5553129 0.3119856 0.2285412 0.3119856 0.5553129 0.3306583 0.2285412 0.3119856 0.2285412 0.3493309 0.5553129 0.3539991 0.2285412 0.3493309 0.2285412 0.3867788 0.2519334 0.3821107 0.2659379 0.3867788 0.2659379 0.3821107 0.2472139 0.3867788 0.2332094 0.3821107 0.2285412 0.4007833 0.2472652 0.3867788 0.2519334 0.4007833 0.2519334 0.3680549 0.2285413 0.3540503 0.5553129 0.3680549 0.5553129 0.3820593 0.5553129 0.3680549 0.2285413 0.3680549 0.5553129 0.3493309 0.2285412 0.3306583 0.5553129 0.3493309 0.5553129 1 1 0.875 0.6261484 1 0.6261484 0.875 0.6261484 0.75 1 0.75 0.6261484 0.75 1 0.625 0.6261484 0.75 0.6261484 0.625 1 0.5 0.6261484 0.625 0.6261484 0.5 1 0.375 0.6261484 0.5 0.6261484 0.375 0.6261484 0.25 1 0.25 0.6261484 0.75 1 0.875 1 0.75 1 0.25 1 0.125 0.6261484 0.25 0.6261484 0.125 1 0 0.6261484 0.125 0.6261484 0.9197056 0.08029437 0.5802944 0.08029437 0.5802944 0.4197056 0.125 0.5 0 0.6261484 0 0.5 0.25 0.5 0.125 0.6261484 0.125 0.5 0.375 0.5 0.25 0.6261484 0.25 0.5 0.5 0.5 0.375 0.6261484 0.375 0.5 0.625 0.6261484 0.5 0.5 0.625 0.5 0.75 0.6261484 0.625 0.5 0.75 0.5 0.875 0.6261484 0.75 0.5 0.875 0.5 1 0.6261484 0.875 0.5 1 0.5 0.375 1 0.5 1 0.375 1 0 1 0.125 1 0 1 1 1 0.875 1 0.875 1 0.625 1 0.75 1 0.625 1 0.375 1 0.25 1 0.25 1 0.625 1 0.5 1 0.5 1 0.25 1 0.125 1 0.125 1 1 1 0.875 0.6261484 1 0.6261484 0.875 1 0.75 0.6261484 0.875 0.6261484 0.75 1 0.625 0.6261484 0.75 0.6261484 0.625 0.6261484 0.5 1 0.5 0.6261484 0.5 1 0.375 0.6261484 0.5 0.6261484 0.375 0.6261484 0.25 1 0.25 0.6261484 0.75 1 0.875 1 0.75 1 0.25 0.6261484 0.125 1 0.125 0.6261484 0.125 1 0 0.6261484 0.125 0.6261484 0.51 0.25 0.5802944 0.4197056 0.9197056 0.08029437 0.125 0.5 0 0.6261484 0 0.5 0.25 0.5 0.125 0.6261484 0.125 0.5 0.375 0.6261484 0.25 0.5 0.375 0.5 0.5 0.6261484 0.375 0.5 0.5 0.5 0.625 0.6261484 0.5 0.5 0.625 0.5 0.75 0.5 0.625 0.6261484 0.625 0.5 0.875 0.6261484 0.75 0.5 0.875 0.5 1 0.6261484 0.875 0.5 1 0.5 0.375 1 0.5 1 0.375 1 0 1 0.125 1 0 1 1 1 0.875 1 0.875 1 0.75 1 0.625 1 0.625 1 0.25 1 0.375 1 0.25 1 0.5 1 0.625 1 0.5 1 0.25 1 0.125 1 0.125 1 1 1 0.875 0.6261484 1 0.6261484 0.875 1 0.75 0.6261484 0.875 0.6261484 0.75 1 0.625 0.6261484 0.75 0.6261484 0.625 1 0.5 0.6261484 0.625 0.6261484 0.5 0.6261484 0.375 1 0.375 0.6261484 0.375 1 0.25 0.6261484 0.375 0.6261484 0.875 1 0.75 1 0.75 1 0.25 0.6261484 0.125 1 0.125 0.6261484 0.125 0.6261484 0 1 0 0.6261484 0.51 0.25 0.5802944 0.4197056 0.9197056 0.08029437 0.125 0.6261484 0 0.5 0.125 0.5 0.25 0.6261484 0.125 0.5 0.25 0.5 0.375 0.6261484 0.25 0.5 0.375 0.5 0.5 0.5 0.375 0.6261484 0.375 0.5 0.625 0.5 0.5 0.6261484 0.5 0.5 0.75 0.5 0.625 0.6261484 0.625 0.5 0.875 0.5 0.75 0.6261484 0.75 0.5 1 0.5 0.875 0.6261484 0.875 0.5 0.5 1 0.375 1 0.375 1 0.125 1 0 1 0 1 0.875 1 1 1 0.875 1 0.75 1 0.625 1 0.625 1 0.25 1 0.375 1 0.25 1 0.5 1 0.625 1 0.5 1 0.125 1 0.25 1 0.125 1 0 1 0.25 1 0.5 1 0.4930317 0.0373739 0.5290323 0.04937404 0.4930317 0.04937404 0.4930317 0.04937404 0.5290323 0.06137424 0.4930317 0.06137424 0.5290323 0.06137424 0.4930317 0.07337445 0.4930317 0.06137424 0.4930317 0.07337445 0.5290323 0.08537459 0.4930317 0.08537459 0.5290323 0.08537459 0.4930317 0.09737479 0.4930317 0.08537459 0.5290323 0.09737479 0.4930317 0.109375 0.4930317 0.09737479 0.4930317 0.04937404 0.5290323 0.06137424 0.4930317 0.06137424 0.5290323 0.06137424 0.4930317 0.07337445 0.4930317 0.06137424 0.4930317 0.07337445 0.5290323 0.08537459 0.4930317 0.08537459 0.5290323 0.08537459 0.4930317 0.09737479 0.4930317 0.08537459 0.4930317 0.04937404 0.5290323 0.06137424 0.5290323 0.04937404 0.4930317 0.07337445 0.5290323 0.06137424 0.4930317 0.06137424 0.4930317 0.07337445 0.5290323 0.08537459 0.5290323 0.07337445 0.4930317 0.09737479 0.5290323 0.08537459 0.4930317 0.08537459 0.4930317 0.04937404 0.4930317 0.06137424 0.4930317 0.04937404 0.5290323 0.04937404 0.5290323 0.06137424 0.5290323 0.06137424 0.4930317 0.07337445 0.4930317 0.06137424 0.4930317 0.06137424 0.5290323 0.07337445 0.5290323 0.06137424 0.5290323 0.07337445 0.4930317 0.07337445 0.4930317 0.08537459 0.4930317 0.07337445 0.5290323 0.07337445 0.5290323 0.08537459 0.5290323 0.08537459 0.4930317 0.09737479 0.4930317 0.08537459 0.4930317 0.08537459 0.5290323 0.09737479 0.5290323 0.08537459 0.5290323 0.09737479 1 0.6261484 0.875 1 0.875 0.6261484 0.875 1 0.75 0.6261484 0.875 0.6261484 0.75 1 0.625 0.6261484 0.75 0.6261484 0.625 1 0.5 0.6261484 0.625 0.6261484 0.5 0.6261484 0.375 1 0.375 0.6261484 0.375 0.6261484 0.25 1 0.25 0.6261484 0.75 1 0.875 1 0.75 1 0.25 0.6261484 0.125 1 0.125 0.6261484 0.125 1 0 0.6261484 0.125 0.6261484 0.9197056 0.08029437 0.5802944 0.08029437 0.5802944 0.4197056 0.125 0.5 0 0.6261484 0 0.5 0.25 0.6261484 0.125 0.5 0.25 0.5 0.375 0.6261484 0.25 0.5 0.375 0.5 0.5 0.5 0.375 0.6261484 0.375 0.5 0.625 0.6261484 0.5 0.5 0.625 0.5 0.75 0.6261484 0.625 0.5 0.75 0.5 0.875 0.6261484 0.75 0.5 0.875 0.5 1 0.6261484 0.875 0.5 1 0.5 0.375 1 0.5 1 0.375 1 0 1 0.125 1 0 1 1 1 0.875 1 0.875 1 0.625 1 0.75 1 0.625 1 0.375 1 0.25 1 0.25 1 0.625 1 0.5 1 0.5 1 0.25 1 0.125 1 0.125 1 1 1 0.875 0.6261484 1 0.6261484 0.875 1 0.75 0.6261484 0.875 0.6261484 0.75 1 0.625 0.6261484 0.75 0.6261484 0.625 0.6261484 0.5 1 0.5 0.6261484 0.5 1 0.375 0.6261484 0.5 0.6261484 0.375 0.6261484 0.25 1 0.25 0.6261484 0.75 1 0.875 1 0.75 1 0.25 0.6261484 0.125 1 0.125 0.6261484 0.125 0.6261484 0 1 0 0.6261484 0.51 0.25 0.5802944 0.4197056 0.9197056 0.08029437 0.125 0.5 0 0.6261484 0 0.5 0.25 0.5 0.125 0.6261484 0.125 0.5 0.375 0.5 0.25 0.6261484 0.25 0.5 0.5 0.5 0.375 0.6261484 0.375 0.5 0.625 0.5 0.5 0.6261484 0.5 0.5 0.75 0.5 0.625 0.6261484 0.625 0.5 0.875 0.6261484 0.75 0.5 0.875 0.5 1 0.6261484 0.875 0.5 1 0.5 0.5 1 0.375 1 0.375 1 0 1 0.125 1 0 1 1 1 0.875 1 0.875 1 0.75 1 0.625 1 0.625 1 0.25 1 0.375 1 0.25 1 0.625 1 0.5 1 0.5 1 0.25 1 0.125 1 0.125 1 1 1 0.875 0.6261484 1 0.6261484 0.875 1 0.75 0.6261484 0.875 0.6261484 0.75 1 0.625 0.6261484 0.75 0.6261484 0.625 1 0.5 0.6261484 0.625 0.6261484 0.5 0.6261484 0.375 1 0.375 0.6261484 0.375 1 0.25 0.6261484 0.375 0.6261484 0.875 1 0.75 1 0.75 1 0.25 0.6261484 0.125 1 0.125 0.6261484 0.125 0.6261484 0 1 0 0.6261484 0.51 0.25 0.5802944 0.4197056 0.9197056 0.08029437 0.125 0.6261484 0 0.5 0.125 0.5 0.25 0.6261484 0.125 0.5 0.25 0.5 0.375 0.6261484 0.25 0.5 0.375 0.5 0.5 0.5 0.375 0.6261484 0.375 0.5 0.625 0.5 0.5 0.6261484 0.5 0.5 0.75 0.5 0.625 0.6261484 0.625 0.5 0.875 0.5 0.75 0.6261484 0.75 0.5 1 0.5 0.875 0.6261484 0.875 0.5 0.5 1 0.375 1 0.375 1 0.125 1 0 1 0 1 1 1 0.875 1 0.875 1 0.75 1 0.625 1 0.625 1 0.25 1 0.375 1 0.25 1 0.5 1 0.625 1 0.5 1 0.125 1 0.25 1 0.125 1 0 1 0.25 1 0.5 1 0.4930317 0.0373739 0.5290323 0.04937404 0.4930317 0.04937404 0.4930317 0.04937404 0.5290323 0.06137424 0.4930317 0.06137424 0.5290323 0.06137424 0.4930317 0.07337445 0.4930317 0.06137424 0.4930317 0.07337445 0.5290323 0.08537459 0.4930317 0.08537459 0.5290323 0.08537459 0.4930317 0.09737479 0.4930317 0.08537459 0.5290323 0.09737479 0.4930317 0.109375 0.4930317 0.09737479 0.4930317 0.04937404 0.5290323 0.06137424 0.4930317 0.06137424 0.5290323 0.06137424 0.4930317 0.07337445 0.4930317 0.06137424 0.4930317 0.07337445 0.5290323 0.08537459 0.4930317 0.08537459 0.5290323 0.08537459 0.4930317 0.09737479 0.4930317 0.08537459 0.4930317 0.04937404 0.5290323 0.06137424 0.5290323 0.04937404 0.4930317 0.07337445 0.5290323 0.06137424 0.4930317 0.06137424 0.4930317 0.07337445 0.5290323 0.08537459 0.5290323 0.07337445 0.4930317 0.09737479 0.5290323 0.08537459 0.4930317 0.08537459 0.4930317 0.04937404 0.4930317 0.06137424 0.4930317 0.04937404 0.5290323 0.04937404 0.5290323 0.06137424 0.5290323 0.06137424 0.4930317 0.07337445 0.4930317 0.06137424 0.4930317 0.06137424 0.5290323 0.07337445 0.5290323 0.06137424 0.5290323 0.07337445 0.4930317 0.08537459 0.4930317 0.07337445 0.4930317 0.07337445 0.5290323 0.07337445 0.5290323 0.08537459 0.5290323 0.08537459 0.4930317 0.09737479 0.4930317 0.08537459 0.4930317 0.08537459 0.5290323 0.09737479 0.5290323 0.08537459 0.5290323 0.09737479 1 1 0.875 0.6261484 1 0.6261484 0.875 1 0.75 0.6261484 0.875 0.6261484 0.75 1 0.625 0.6261484 0.75 0.6261484 0.625 1 0.5 0.6261484 0.625 0.6261484 0.5 0.6261484 0.375 1 0.375 0.6261484 0.375 0.6261484 0.25 1 0.25 0.6261484 0.75 1 0.875 1 0.75 1 0.25 0.6261484 0.125 1 0.125 0.6261484 0.125 1 0 0.6261484 0.125 0.6261484 0.9197056 0.08029437 0.5802944 0.08029437 0.5802944 0.4197056 0.125 0.5 0 0.6261484 0 0.5 0.25 0.5 0.125 0.6261484 0.125 0.5 0.375 0.5 0.25 0.6261484 0.25 0.5 0.5 0.5 0.375 0.6261484 0.375 0.5 0.625 0.6261484 0.5 0.5 0.625 0.5 0.75 0.6261484 0.625 0.5 0.75 0.5 0.875 0.6261484 0.75 0.5 0.875 0.5 1 0.6261484 0.875 0.5 1 0.5 0.375 1 0.5 1 0.375 1 0 1 0.125 1 0 1 1 1 0.875 1 0.875 1 0.625 1 0.75 1 0.625 1 0.375 1 0.25 1 0.25 1 0.625 1 0.5 1 0.5 1 0.25 1 0.125 1 0.125 1 1 1 0.875 0.6261484 1 0.6261484 0.875 1 0.75 0.6261484 0.875 0.6261484 0.75 1 0.625 0.6261484 0.75 0.6261484 0.625 0.6261484 0.5 1 0.5 0.6261484 0.5 1 0.375 0.6261484 0.5 0.6261484 0.375 0.6261484 0.25 1 0.25 0.6261484 0.75 1 0.875 1 0.75 1 0.25 0.6261484 0.125 1 0.125 0.6261484 0.125 0.6261484 0 1 0 0.6261484 0.51 0.25 0.5802944 0.4197056 0.9197056 0.08029437 0.125 0.5 0 0.6261484 0 0.5 0.25 0.5 0.125 0.6261484 0.125 0.5 0.375 0.6261484 0.25 0.5 0.375 0.5 0.5 0.6261484 0.375 0.5 0.5 0.5 0.625 0.5 0.5 0.6261484 0.5 0.5 0.75 0.5 0.625 0.6261484 0.625 0.5 0.875 0.6261484 0.75 0.5 0.875 0.5 1 0.6261484 0.875 0.5 1 0.5 0.375 1 0.5 1 0.375 1 0 1 0.125 1 0 1 1 1 0.875 1 0.875 1 0.75 1 0.625 1 0.625 1 0.25 1 0.375 1 0.25 1 0.625 1 0.5 1 0.5 1 0.125 1 0.25 1 0.125 1 1 1 0.875 0.6261484 1 0.6261484 0.875 1 0.75 0.6261484 0.875 0.6261484 0.75 1 0.625 0.6261484 0.75 0.6261484 0.625 1 0.5 0.6261484 0.625 0.6261484 0.5 0.6261484 0.375 1 0.375 0.6261484 0.375 1 0.25 0.6261484 0.375 0.6261484 0.875 1 0.75 1 0.75 1 0.25 0.6261484 0.125 1 0.125 0.6261484 0.125 0.6261484 0 1 0 0.6261484 0.51 0.25 0.5802944 0.4197056 0.9197056 0.08029437 0.125 0.6261484 0 0.5 0.125 0.5 0.25 0.6261484 0.125 0.5 0.25 0.5 0.375 0.6261484 0.25 0.5 0.375 0.5 0.5 0.5 0.375 0.6261484 0.375 0.5 0.625 0.5 0.5 0.6261484 0.5 0.5 0.75 0.5 0.625 0.6261484 0.625 0.5 0.875 0.5 0.75 0.6261484 0.75 0.5 1 0.5 0.875 0.6261484 0.875 0.5 0.5 1 0.375 1 0.375 1 0.125 1 0 1 0 1 0.875 1 1 1 0.875 1 0.75 1 0.625 1 0.625 1 0.25 1 0.375 1 0.25 1 0.5 1 0.625 1 0.5 1 0.125 1 0.25 1 0.125 1 0 1 0.25 1 0.5 1 0.4930317 0.0373739 0.5290323 0.04937404 0.4930317 0.04937404 0.4930317 0.04937404 0.5290323 0.06137424 0.4930317 0.06137424 0.5290323 0.06137424 0.4930317 0.07337445 0.4930317 0.06137424 0.4930317 0.07337445 0.5290323 0.08537459 0.4930317 0.08537459 0.5290323 0.08537459 0.4930317 0.09737479 0.4930317 0.08537459 0.5290323 0.09737479 0.4930317 0.109375 0.4930317 0.09737479 0.4930317 0.04937404 0.5290323 0.06137424 0.4930317 0.06137424 0.5290323 0.06137424 0.4930317 0.07337445 0.4930317 0.06137424 0.4930317 0.07337445 0.5290323 0.08537459 0.4930317 0.08537459 0.5290323 0.08537459 0.4930317 0.09737479 0.4930317 0.08537459 0.4930317 0.04937404 0.5290323 0.06137424 0.5290323 0.04937404 0.4930317 0.07337445 0.5290323 0.06137424 0.4930317 0.06137424 0.4930317 0.07337445 0.5290323 0.08537459 0.5290323 0.07337445 0.4930317 0.09737479 0.5290323 0.08537459 0.4930317 0.08537459 0.4930317 0.04937404 0.4930317 0.06137424 0.4930317 0.04937404 0.5290323 0.04937404 0.5290323 0.06137424 0.5290323 0.06137424 0.4930317 0.07337445 0.4930317 0.06137424 0.4930317 0.06137424 0.5290323 0.07337445 0.5290323 0.06137424 0.5290323 0.07337445 0.4930317 0.07337445 0.4930317 0.08537459 0.4930317 0.07337445 0.5290323 0.07337445 0.5290323 0.08537459 0.5290323 0.08537459 0.4930317 0.09737479 0.4930317 0.08537459 0.4930317 0.08537459 0.5290323 0.09737479 0.5290323 0.08537459 0.5290323 0.09737479 0.1141876 -0.2255401 0.02183318 2.734264 0.02183318 -0.2255401 0.114057 2.734263 0.02187669 -0.2255406 0.114057 -0.2255409 0.1140571 2.734262 0.02187675 -0.225541 0.1140571 -0.2255412 0.1141006 2.734262 0.02174615 -0.225541 0.1141006 -0.225541 0.1160689 0.6665732 0.02388876 0.5743928 0.1160689 0.5743928 0.2671135 0.7275838 0.1749331 1.74649e-4 0.2671135 1.74374e-4 0.2670699 1.74113e-4 0.1748896 0.7275838 0.1748896 1.74374e-4 0.2670701 0.7275839 0.1748897 1.74649e-4 0.2670701 1.74388e-4 0.2672005 0.7275848 0.174846 1.75267e-4 0.2670264 1.74992e-4 0.3867788 0.2332094 0.4007833 0.2285412 0.4007833 0.2332094 0.3073174 0.2285412 0.3119856 0.5553129 0.3073174 0.5553129 0.3306583 0.2285412 0.3119856 0.5553129 0.3119856 0.2285412 0.3539991 0.2285412 0.3493309 0.5553129 0.3493309 0.2285412 0.3821107 0.2659379 0.3867788 0.2519334 0.3867788 0.2659379 0.3821107 0.2472139 0.3867788 0.2332094 0.3867788 0.2472139 0.3867788 0.2519334 0.4007833 0.2472652 0.4007833 0.2519334 0.3540503 0.5553129 0.3680549 0.2285413 0.3680549 0.5553129 0.3680549 0.2285413 0.3820593 0.5553129 0.3680549 0.5553129 0.3493309 0.5553129 0.3306583 0.2285412 0.3493309 0.2285412 0.3867788 0.2332094 0.4007833 0.2285412 0.4007833 0.2332094 0.3073174 0.2285412 0.3119856 0.5553129 0.3073174 0.5553129 0.3306583 0.2285412 0.3119856 0.5553129 0.3119856 0.2285412 0.3539991 0.2285412 0.3493309 0.5553129 0.3493309 0.2285412 0.3821107 0.2659379 0.3867788 0.2519334 0.3867788 0.2659379 0.3821107 0.2472139 0.3867788 0.2332094 0.3867788 0.2472139 0.3867788 0.2519334 0.4007833 0.2472652 0.4007833 0.2519334 0.3540503 0.5553129 0.3680549 0.2285413 0.3680549 0.5553129 0.3680549 0.2285413 0.3820593 0.5553129 0.3680549 0.5553129 0.3493309 0.5553129 0.3306583 0.2285412 0.3493309 0.2285412 0.3867788 0.2332094 0.4007833 0.2285412 0.3821107 0.2285412 0.3073174 0.2285412 0.3119856 0.5553129 0.3119856 0.2285412 0.3119856 0.5553129 0.3306583 0.2285412 0.3119856 0.2285412 0.3493309 0.5553129 0.3539991 0.2285412 0.3493309 0.2285412 0.3867788 0.2519334 0.3821107 0.2659379 0.3867788 0.2659379 0.3821107 0.2472139 0.3867788 0.2332094 0.3821107 0.2285412 0.4007833 0.2472652 0.3867788 0.2519334 0.4007833 0.2519334 0.3680549 0.2285413 0.3540503 0.5553129 0.3680549 0.5553129 0.3820593 0.5553129 0.3680549 0.2285413 0.3680549 0.5553129 0.3493309 0.2285412 0.3306583 0.5553129 0.3493309 0.5553129 1 1 0.875 0.6261484 1 0.6261484 0.875 0.6261484 0.75 1 0.75 0.6261484 0.75 1 0.625 0.6261484 0.75 0.6261484 0.625 1 0.5 0.6261484 0.625 0.6261484 0.5 1 0.375 0.6261484 0.5 0.6261484 0.375 0.6261484 0.25 1 0.25 0.6261484 0.75 1 0.875 1 0.75 1 0.25 1 0.125 0.6261484 0.25 0.6261484 0.125 1 0 0.6261484 0.125 0.6261484 0.9197056 0.08029437 0.5802944 0.08029437 0.5802944 0.4197056 0.125 0.5 0 0.6261484 0 0.5 0.25 0.5 0.125 0.6261484 0.125 0.5 0.375 0.5 0.25 0.6261484 0.25 0.5 0.5 0.5 0.375 0.6261484 0.375 0.5 0.625 0.6261484 0.5 0.5 0.625 0.5 0.75 0.6261484 0.625 0.5 0.75 0.5 0.875 0.6261484 0.75 0.5 0.875 0.5 1 0.6261484 0.875 0.5 1 0.5 0.375 1 0.5 1 0.375 1 0 1 0.125 1 0 1 1 1 0.875 1 0.875 1 0.625 1 0.75 1 0.625 1 0.375 1 0.25 1 0.25 1 0.625 1 0.5 1 0.5 1 0.25 1 0.125 1 0.125 1 1 1 0.875 0.6261484 1 0.6261484 0.875 1 0.75 0.6261484 0.875 0.6261484 0.75 1 0.625 0.6261484 0.75 0.6261484 0.625 0.6261484 0.5 1 0.5 0.6261484 0.5 1 0.375 0.6261484 0.5 0.6261484 0.375 0.6261484 0.25 1 0.25 0.6261484 0.75 1 0.875 1 0.75 1 0.25 0.6261484 0.125 1 0.125 0.6261484 0.125 1 0 0.6261484 0.125 0.6261484 0.51 0.25 0.5802944 0.4197056 0.9197056 0.08029437 0.125 0.5 0 0.6261484 0 0.5 0.25 0.5 0.125 0.6261484 0.125 0.5 0.375 0.6261484 0.25 0.5 0.375 0.5 0.5 0.6261484 0.375 0.5 0.5 0.5 0.625 0.6261484 0.5 0.5 0.625 0.5 0.75 0.5 0.625 0.6261484 0.625 0.5 0.875 0.6261484 0.75 0.5 0.875 0.5 1 0.6261484 0.875 0.5 1 0.5 0.375 1 0.5 1 0.375 1 0 1 0.125 1 0 1 1 1 0.875 1 0.875 1 0.75 1 0.625 1 0.625 1 0.25 1 0.375 1 0.25 1 0.5 1 0.625 1 0.5 1 0.25 1 0.125 1 0.125 1 1 1 0.875 0.6261484 1 0.6261484 0.875 1 0.75 0.6261484 0.875 0.6261484 0.75 1 0.625 0.6261484 0.75 0.6261484 0.625 1 0.5 0.6261484 0.625 0.6261484 0.5 0.6261484 0.375 1 0.375 0.6261484 0.375 1 0.25 0.6261484 0.375 0.6261484 0.875 1 0.75 1 0.75 1 0.25 0.6261484 0.125 1 0.125 0.6261484 0.125 0.6261484 0 1 0 0.6261484 0.51 0.25 0.5802944 0.4197056 0.9197056 0.08029437 0.125 0.6261484 0 0.5 0.125 0.5 0.25 0.6261484 0.125 0.5 0.25 0.5 0.375 0.6261484 0.25 0.5 0.375 0.5 0.5 0.5 0.375 0.6261484 0.375 0.5 0.625 0.5 0.5 0.6261484 0.5 0.5 0.75 0.5 0.625 0.6261484 0.625 0.5 0.875 0.5 0.75 0.6261484 0.75 0.5 1 0.5 0.875 0.6261484 0.875 0.5 0.5 1 0.375 1 0.375 1 0.125 1 0 1 0 1 0.875 1 1 1 0.875 1 0.75 1 0.625 1 0.625 1 0.25 1 0.375 1 0.25 1 0.5 1 0.625 1 0.5 1 0.125 1 0.25 1 0.125 1 0 1 0.25 1 0.5 1 0.4930317 0.0373739 0.5290323 0.04937404 0.4930317 0.04937404 0.4930317 0.04937404 0.5290323 0.06137424 0.4930317 0.06137424 0.5290323 0.06137424 0.4930317 0.07337445 0.4930317 0.06137424 0.4930317 0.07337445 0.5290323 0.08537459 0.4930317 0.08537459 0.5290323 0.08537459 0.4930317 0.09737479 0.4930317 0.08537459 0.5290323 0.09737479 0.4930317 0.109375 0.4930317 0.09737479 0.4930317 0.04937404 0.5290323 0.06137424 0.4930317 0.06137424 0.5290323 0.06137424 0.4930317 0.07337445 0.4930317 0.06137424 0.4930317 0.07337445 0.5290323 0.08537459 0.4930317 0.08537459 0.5290323 0.08537459 0.4930317 0.09737479 0.4930317 0.08537459 0.4930317 0.04937404 0.5290323 0.06137424 0.5290323 0.04937404 0.4930317 0.07337445 0.5290323 0.06137424 0.4930317 0.06137424 0.4930317 0.07337445 0.5290323 0.08537459 0.5290323 0.07337445 0.4930317 0.09737479 0.5290323 0.08537459 0.4930317 0.08537459 0.4930317 0.04937404 0.4930317 0.06137424 0.4930317 0.04937404 0.5290323 0.04937404 0.5290323 0.06137424 0.5290323 0.06137424 0.4930317 0.07337445 0.4930317 0.06137424 0.4930317 0.06137424 0.5290323 0.07337445 0.5290323 0.06137424 0.5290323 0.07337445 0.4930317 0.07337445 0.4930317 0.08537459 0.4930317 0.07337445 0.5290323 0.07337445 0.5290323 0.08537459 0.5290323 0.08537459 0.4930317 0.09737479 0.4930317 0.08537459 0.4930317 0.08537459 0.5290323 0.09737479 0.5290323 0.08537459 0.5290323 0.09737479 1 0.6261484 0.875 1 0.875 0.6261484 0.875 1 0.75 0.6261484 0.875 0.6261484 0.75 1 0.625 0.6261484 0.75 0.6261484 0.625 1 0.5 0.6261484 0.625 0.6261484 0.5 0.6261484 0.375 1 0.375 0.6261484 0.375 0.6261484 0.25 1 0.25 0.6261484 0.75 1 0.875 1 0.75 1 0.25 0.6261484 0.125 1 0.125 0.6261484 0.125 1 0 0.6261484 0.125 0.6261484 0.9197056 0.08029437 0.5802944 0.08029437 0.5802944 0.4197056 0.125 0.5 0 0.6261484 0 0.5 0.25 0.6261484 0.125 0.5 0.25 0.5 0.375 0.6261484 0.25 0.5 0.375 0.5 0.5 0.5 0.375 0.6261484 0.375 0.5 0.625 0.6261484 0.5 0.5 0.625 0.5 0.75 0.6261484 0.625 0.5 0.75 0.5 0.875 0.6261484 0.75 0.5 0.875 0.5 1 0.6261484 0.875 0.5 1 0.5 0.375 1 0.5 1 0.375 1 0 1 0.125 1 0 1 1 1 0.875 1 0.875 1 0.625 1 0.75 1 0.625 1 0.375 1 0.25 1 0.25 1 0.625 1 0.5 1 0.5 1 0.25 1 0.125 1 0.125 1 1 1 0.875 0.6261484 1 0.6261484 0.875 1 0.75 0.6261484 0.875 0.6261484 0.75 1 0.625 0.6261484 0.75 0.6261484 0.625 0.6261484 0.5 1 0.5 0.6261484 0.5 1 0.375 0.6261484 0.5 0.6261484 0.375 0.6261484 0.25 1 0.25 0.6261484 0.75 1 0.875 1 0.75 1 0.25 0.6261484 0.125 1 0.125 0.6261484 0.125 0.6261484 0 1 0 0.6261484 0.51 0.25 0.5802944 0.4197056 0.9197056 0.08029437 0.125 0.5 0 0.6261484 0 0.5 0.25 0.5 0.125 0.6261484 0.125 0.5 0.375 0.5 0.25 0.6261484 0.25 0.5 0.5 0.5 0.375 0.6261484 0.375 0.5 0.625 0.5 0.5 0.6261484 0.5 0.5 0.75 0.5 0.625 0.6261484 0.625 0.5 0.875 0.6261484 0.75 0.5 0.875 0.5 1 0.6261484 0.875 0.5 1 0.5 0.5 1 0.375 1 0.375 1 0 1 0.125 1 0 1 1 1 0.875 1 0.875 1 0.75 1 0.625 1 0.625 1 0.25 1 0.375 1 0.25 1 0.625 1 0.5 1 0.5 1 0.125 1 0.25 1 0.125 1 1 1 0.875 0.6261484 1 0.6261484 0.875 1 0.75 0.6261484 0.875 0.6261484 0.75 1 0.625 0.6261484 0.75 0.6261484 0.625 1 0.5 0.6261484 0.625 0.6261484 0.5 0.6261484 0.375 1 0.375 0.6261484 0.375 1 0.25 0.6261484 0.375 0.6261484 0.875 1 0.75 1 0.75 1 0.25 0.6261484 0.125 1 0.125 0.6261484 0.125 0.6261484 0 1 0 0.6261484 0.51 0.25 0.5802944 0.4197056 0.9197056 0.08029437 0.125 0.6261484 0 0.5 0.125 0.5 0.25 0.6261484 0.125 0.5 0.25 0.5 0.375 0.6261484 0.25 0.5 0.375 0.5 0.5 0.5 0.375 0.6261484 0.375 0.5 0.625 0.5 0.5 0.6261484 0.5 0.5 0.75 0.5 0.625 0.6261484 0.625 0.5 0.875 0.5 0.75 0.6261484 0.75 0.5 1 0.5 0.875 0.6261484 0.875 0.5 0.5 1 0.375 1 0.375 1 0.125 1 0 1 0 1 1 1 0.875 1 0.875 1 0.75 1 0.625 1 0.625 1 0.25 1 0.375 1 0.25 1 0.5 1 0.625 1 0.5 1 0.125 1 0.25 1 0.125 1 0 1 0.25 1 0.5 1 0.4930317 0.0373739 0.5290323 0.04937404 0.4930317 0.04937404 0.4930317 0.04937404 0.5290323 0.06137424 0.4930317 0.06137424 0.5290323 0.06137424 0.4930317 0.07337445 0.4930317 0.06137424 0.4930317 0.07337445 0.5290323 0.08537459 0.4930317 0.08537459 0.5290323 0.08537459 0.4930317 0.09737479 0.4930317 0.08537459 0.5290323 0.09737479 0.4930317 0.109375 0.4930317 0.09737479 0.4930317 0.04937404 0.5290323 0.06137424 0.4930317 0.06137424 0.5290323 0.06137424 0.4930317 0.07337445 0.4930317 0.06137424 0.4930317 0.07337445 0.5290323 0.08537459 0.4930317 0.08537459 0.5290323 0.08537459 0.4930317 0.09737479 0.4930317 0.08537459 0.4930317 0.04937404 0.5290323 0.06137424 0.5290323 0.04937404 0.4930317 0.07337445 0.5290323 0.06137424 0.4930317 0.06137424 0.4930317 0.07337445 0.5290323 0.08537459 0.5290323 0.07337445 0.4930317 0.09737479 0.5290323 0.08537459 0.4930317 0.08537459 0.4930317 0.04937404 0.4930317 0.06137424 0.4930317 0.04937404 0.5290323 0.04937404 0.5290323 0.06137424 0.5290323 0.06137424 0.4930317 0.07337445 0.4930317 0.06137424 0.4930317 0.06137424 0.5290323 0.07337445 0.5290323 0.06137424 0.5290323 0.07337445 0.4930317 0.08537459 0.4930317 0.07337445 0.4930317 0.07337445 0.5290323 0.07337445 0.5290323 0.08537459 0.5290323 0.08537459 0.4930317 0.09737479 0.4930317 0.08537459 0.4930317 0.08537459 0.5290323 0.09737479 0.5290323 0.08537459 0.5290323 0.09737479 1 1 0.875 0.6261484 1 0.6261484 0.875 1 0.75 0.6261484 0.875 0.6261484 0.75 1 0.625 0.6261484 0.75 0.6261484 0.625 0.6261484 0.5 1 0.5 0.6261484 0.5 0.6261484 0.375 1 0.375 0.6261484 0.375 0.6261484 0.25 1 0.25 0.6261484 0.75 1 0.875 1 0.75 1 0.25 0.6261484 0.125 1 0.125 0.6261484 0.125 1 0 0.6261484 0.125 0.6261484 0.9197056 0.08029437 0.5802944 0.08029437 0.5802944 0.4197056 0.125 0.5 0 0.6261484 0 0.5 0.25 0.5 0.125 0.6261484 0.125 0.5 0.375 0.5 0.25 0.6261484 0.25 0.5 0.5 0.5 0.375 0.6261484 0.375 0.5 0.625 0.6261484 0.5 0.5 0.625 0.5 0.75 0.6261484 0.625 0.5 0.75 0.5 0.875 0.6261484 0.75 0.5 0.875 0.5 1 0.6261484 0.875 0.5 1 0.5 0.375 1 0.5 1 0.375 1 0 1 0.125 1 0 1 1 1 0.875 1 0.875 1 0.625 1 0.75 1 0.625 1 0.375 1 0.25 1 0.25 1 0.625 1 0.5 1 0.5 1 0.25 1 0.125 1 0.125 1 1 1 0.875 0.6261484 1 0.6261484 0.875 1 0.75 0.6261484 0.875 0.6261484 0.75 1 0.625 0.6261484 0.75 0.6261484 0.625 0.6261484 0.5 1 0.5 0.6261484 0.5 1 0.375 0.6261484 0.5 0.6261484 0.375 0.6261484 0.25 1 0.25 0.6261484 0.75 1 0.875 1 0.75 1 0.25 0.6261484 0.125 1 0.125 0.6261484 0.125 0.6261484 0 1 0 0.6261484 0.51 0.25 0.5802944 0.4197056 0.9197056 0.08029437 0.125 0.5 0 0.6261484 0 0.5 0.25 0.5 0.125 0.6261484 0.125 0.5 0.375 0.6261484 0.25 0.5 0.375 0.5 0.5 0.6261484 0.375 0.5 0.5 0.5 0.625 0.5 0.5 0.6261484 0.5 0.5 0.75 0.5 0.625 0.6261484 0.625 0.5 0.875 0.6261484 0.75 0.5 0.875 0.5 1 0.6261484 0.875 0.5 1 0.5 0.375 1 0.5 1 0.375 1 0 1 0.125 1 0 1 1 1 0.875 1 0.875 1 0.75 1 0.625 1 0.625 1 0.25 1 0.375 1 0.25 1 0.625 1 0.5 1 0.5 1 0.125 1 0.25 1 0.125 1 1 1 0.875 0.6261484 1 0.6261484 0.875 1 0.75 0.6261484 0.875 0.6261484 0.75 1 0.625 0.6261484 0.75 0.6261484 0.625 1 0.5 0.6261484 0.625 0.6261484 0.5 0.6261484 0.375 1 0.375 0.6261484 0.375 1 0.25 0.6261484 0.375 0.6261484 0.875 1 0.75 1 0.75 1 0.25 0.6261484 0.125 1 0.125 0.6261484 0.125 0.6261484 0 1 0 0.6261484 0.51 0.25 0.5802944 0.4197056 0.9197056 0.08029437 0.125 0.6261484 0 0.5 0.125 0.5 0.25 0.6261484 0.125 0.5 0.25 0.5 0.375 0.6261484 0.25 0.5 0.375 0.5 0.5 0.5 0.375 0.6261484 0.375 0.5 0.625 0.5 0.5 0.6261484 0.5 0.5 0.75 0.5 0.625 0.6261484 0.625 0.5 0.875 0.5 0.75 0.6261484 0.75 0.5 1 0.5 0.875 0.6261484 0.875 0.5 0.5 1 0.375 1 0.375 1 0.125 1 0 1 0 1 0.875 1 1 1 0.875 1 0.75 1 0.625 1 0.625 1 0.25 1 0.375 1 0.25 1 0.5 1 0.625 1 0.5 1 0.125 1 0.25 1 0.125 1 0 1 0.25 1 0.5 1 0.4930317 0.0373739 0.5290323 0.04937404 0.4930317 0.04937404 0.4930317 0.04937404 0.5290323 0.06137424 0.4930317 0.06137424 0.5290323 0.06137424 0.4930317 0.07337445 0.4930317 0.06137424 0.4930317 0.07337445 0.5290323 0.08537459 0.4930317 0.08537459 0.5290323 0.08537459 0.4930317 0.09737479 0.4930317 0.08537459 0.5290323 0.09737479 0.4930317 0.109375 0.4930317 0.09737479 0.4930317 0.04937404 0.5290323 0.06137424 0.4930317 0.06137424 0.5290323 0.06137424 0.4930317 0.07337445 0.4930317 0.06137424 0.4930317 0.07337445 0.5290323 0.08537459 0.4930317 0.08537459 0.5290323 0.08537459 0.4930317 0.09737479 0.4930317 0.08537459 0.4930317 0.04937404 0.5290323 0.06137424 0.5290323 0.04937404 0.4930317 0.07337445 0.5290323 0.06137424 0.4930317 0.06137424 0.4930317 0.07337445 0.5290323 0.08537459 0.5290323 0.07337445 0.4930317 0.09737479 0.5290323 0.08537459 0.4930317 0.08537459 0.4930317 0.04937404 0.4930317 0.06137424 0.4930317 0.04937404 0.5290323 0.04937404 0.5290323 0.06137424 0.5290323 0.06137424 0.4930317 0.07337445 0.4930317 0.06137424 0.4930317 0.06137424 0.5290323 0.07337445 0.5290323 0.06137424 0.5290323 0.07337445 0.4930317 0.07337445 0.4930317 0.08537459 0.4930317 0.07337445 0.5290323 0.07337445 0.5290323 0.08537459 0.5290323 0.08537459 0.4930317 0.09737479 0.4930317 0.08537459 0.4930317 0.08537459 0.5290323 0.09737479 0.5290323 0.08537459 0.5290323 0.09737479 0.5110566 0.9090909 0.5110566 1 0.510407 1 0.510407 0.9090909 0.510407 1 0.5091077 1 0.5091077 1 0.508458 1 0.508458 0.9090909 0.5084579 1 0.5078083 1 0.5078083 0.9090909 0.5121819 0.005197167 0.5110567 0.004547536 0.5110567 0.003248214 0.5110567 0.003248214 0.5121819 0.002598583 0.5133072 0.003248214 0.5133072 0.003248214 0.5133072 0.004547536 0.5121819 0.005197167 0.5078083 1 0.506509 1 0.506509 0.9090909 0.506509 0.9090909 0.506509 1 0.5058593 1 0.5110567 0.001948952 0.5110567 6.49651e-4 0.5121819 0 0.5121819 0 0.5133072 6.49652e-4 0.5133072 0.001948952 0.5133072 0.001948952 0.5121819 0.002598583 0.5110567 0.001948952 0.506509 0.09090906 0.5058594 0.09090906 0.5058594 0 0.506509 0.1818181 0.5058594 0.1818181 0.5058594 0.09090906 0.506509 0.2727273 0.5058594 0.2727273 0.5058594 0.1818181 0.506509 0.3636364 0.5058594 0.3636364 0.5058594 0.2727273 0.506509 0.4545454 0.5058594 0.4545455 0.5058594 0.3636364 0.506509 0.4545454 0.506509 0.5454546 0.5058594 0.5454546 0.506509 0.5454546 0.506509 0.6363636 0.5058594 0.6363637 0.506509 0.6363636 0.506509 0.7272727 0.5058594 0.7272728 0.506509 0.7272727 0.506509 0.8181818 0.5058594 0.8181818 0.506509 0.8181818 0.506509 0.9090909 0.5058594 0.9090909 0.5078083 0 0.5078083 0.09090906 0.506509 0.09090906 0.5078083 0.09090906 0.5078083 0.1818181 0.506509 0.1818181 0.5078083 0.1818181 0.5078083 0.2727273 0.506509 0.2727273 0.5078083 0.2727273 0.5078083 0.3636364 0.506509 0.3636364 0.5078083 0.3636364 0.5078083 0.4545454 0.506509 0.4545454 0.5078083 0.5454546 0.506509 0.5454546 0.506509 0.4545454 0.5078083 0.6363636 0.506509 0.6363636 0.506509 0.5454546 0.5078083 0.7272727 0.506509 0.7272727 0.506509 0.6363636 0.5078083 0.8181818 0.506509 0.8181818 0.506509 0.7272727 0.5078083 0.9090909 0.506509 0.9090909 0.506509 0.8181818 0.508458 0 0.508458 0.09090906 0.5078083 0.09090906 0.508458 0.09090906 0.5084579 0.1818181 0.5078083 0.1818181 0.5084579 0.1818181 0.5084579 0.2727273 0.5078083 0.2727273 0.5084579 0.2727273 0.5084579 0.3636364 0.5078083 0.3636364 0.5084579 0.3636364 0.5084579 0.4545454 0.5078083 0.4545454 0.5084579 0.5454546 0.5078083 0.5454546 0.5078083 0.4545454 0.5084579 0.6363636 0.5078083 0.6363636 0.5078083 0.5454546 0.5084579 0.7272727 0.5078083 0.7272727 0.5078083 0.6363636 0.5084579 0.8181818 0.5078083 0.8181818 0.5078083 0.7272727 0.5084579 0.9090909 0.5078083 0.9090909 0.5078083 0.8181818 0.5091078 0 0.5091077 0.09090906 0.508458 0.09090906 0.5091077 0.09090906 0.5091077 0.1818181 0.508458 0.1818181 0.5091077 0.1818181 0.5091077 0.2727273 0.508458 0.2727273 0.5091077 0.2727273 0.5091077 0.3636364 0.508458 0.3636364 0.5091077 0.3636364 0.5091077 0.4545454 0.508458 0.4545454 0.5091077 0.5454546 0.508458 0.5454546 0.508458 0.4545454 0.5091077 0.6363636 0.508458 0.6363636 0.508458 0.5454546 0.5091077 0.7272727 0.508458 0.7272727 0.508458 0.6363636 0.5091077 0.8181818 0.508458 0.8181818 0.508458 0.7272727 0.5091077 0.9090909 0.508458 0.9090909 0.508458 0.8181818 0.510407 0.09090906 0.5091077 0.09090906 0.5091078 0 0.510407 0.1818181 0.5091077 0.1818181 0.5091077 0.09090906 0.510407 0.2727273 0.5091077 0.2727273 0.5091077 0.1818181 0.510407 0.3636364 0.5091077 0.3636364 0.5091077 0.2727273 0.510407 0.4545454 0.5091077 0.4545454 0.5091077 0.3636364 0.510407 0.5454546 0.5091077 0.5454546 0.5091077 0.4545454 0.510407 0.5454546 0.510407 0.6363636 0.5091077 0.6363636 0.510407 0.6363636 0.510407 0.7272727 0.5091077 0.7272727 0.510407 0.7272727 0.510407 0.8181818 0.5091077 0.8181818 0.510407 0.8181818 0.510407 0.9090909 0.5091077 0.9090909 0.5110567 0.09090906 0.510407 0.09090906 0.510407 0 0.5110567 0.1818181 0.510407 0.1818181 0.510407 0.09090906 0.5110567 0.2727273 0.510407 0.2727273 0.510407 0.1818181 0.5110567 0.3636364 0.510407 0.3636364 0.510407 0.2727273 0.5110567 0.4545455 0.510407 0.4545454 0.510407 0.3636364 0.5110567 0.5454546 0.510407 0.5454546 0.510407 0.4545454 0.5110567 0.5454546 0.5110567 0.6363637 0.510407 0.6363636 0.5110567 0.6363637 0.5110567 0.7272728 0.510407 0.7272727 0.5110567 0.7272728 0.5110566 0.8181818 0.510407 0.8181818 0.5110566 0.8181818 0.5110566 0.9090909 0.510407 0.9090909 0.5110566 0.9090909 0.5110566 1 0.510407 1 0.510407 0.9090909 0.510407 1 0.5091077 1 0.5091077 1 0.508458 1 0.508458 0.9090909 0.5084579 1 0.5078083 1 0.5078083 0.9090909 0.5121819 0.005197167 0.5110567 0.004547536 0.5133072 0.003248214 0.5110567 0.004547536 0.5110567 0.003248214 0.5133072 0.003248214 0.5110567 0.003248214 0.5121819 0.002598583 0.5133072 0.003248214 0.5078083 1 0.506509 1 0.506509 0.9090909 0.506509 0.9090909 0.506509 1 0.5058593 1 0.5110567 0.001948952 0.5110567 6.49651e-4 0.5121819 0 0.5121819 0 0.5133072 6.49652e-4 0.5110567 0.001948952 0.5133072 6.49652e-4 0.5133072 0.001948952 0.5110567 0.001948952 0.506509 0.09090906 0.5058594 0.09090906 0.5058594 0 0.506509 0.1818181 0.5058594 0.1818181 0.5058594 0.09090906 0.506509 0.2727273 0.5058594 0.2727273 0.5058594 0.1818181 0.506509 0.3636364 0.5058594 0.3636364 0.5058594 0.2727273 0.506509 0.4545454 0.5058594 0.4545455 0.5058594 0.3636364 0.506509 0.4545454 0.506509 0.5454546 0.5058594 0.5454546 0.506509 0.5454546 0.506509 0.6363636 0.5058594 0.6363637 0.506509 0.6363636 0.506509 0.7272727 0.5058594 0.7272728 0.506509 0.7272727 0.506509 0.8181818 0.5058594 0.8181818 0.506509 0.8181818 0.506509 0.9090909 0.5058594 0.9090909 0.5078083 0 0.5078083 0.09090906 0.506509 0.09090906 0.5078083 0.09090906 0.5078083 0.1818181 0.506509 0.1818181 0.5078083 0.1818181 0.5078083 0.2727273 0.506509 0.2727273 0.5078083 0.2727273 0.5078083 0.3636364 0.506509 0.3636364 0.5078083 0.3636364 0.5078083 0.4545454 0.506509 0.4545454 0.5078083 0.5454546 0.506509 0.5454546 0.506509 0.4545454 0.5078083 0.6363636 0.506509 0.6363636 0.506509 0.5454546 0.5078083 0.7272727 0.506509 0.7272727 0.506509 0.6363636 0.5078083 0.8181818 0.506509 0.8181818 0.506509 0.7272727 0.5078083 0.9090909 0.506509 0.9090909 0.506509 0.8181818 0.508458 0 0.508458 0.09090906 0.5078083 0.09090906 0.508458 0.09090906 0.5084579 0.1818181 0.5078083 0.1818181 0.5084579 0.1818181 0.5084579 0.2727273 0.5078083 0.2727273 0.5084579 0.2727273 0.5084579 0.3636364 0.5078083 0.3636364 0.5084579 0.3636364 0.5084579 0.4545454 0.5078083 0.4545454 0.5084579 0.5454546 0.5078083 0.5454546 0.5078083 0.4545454 0.5084579 0.6363636 0.5078083 0.6363636 0.5078083 0.5454546 0.5084579 0.7272727 0.5078083 0.7272727 0.5078083 0.6363636 0.5084579 0.8181818 0.5078083 0.8181818 0.5078083 0.7272727 0.5084579 0.9090909 0.5078083 0.9090909 0.5078083 0.8181818 0.5091078 0 0.5091077 0.09090906 0.508458 0.09090906 0.5091077 0.09090906 0.5091077 0.1818181 0.508458 0.1818181 0.5091077 0.1818181 0.5091077 0.2727273 0.508458 0.2727273 0.5091077 0.2727273 0.5091077 0.3636364 0.508458 0.3636364 0.5091077 0.3636364 0.5091077 0.4545454 0.508458 0.4545454 0.5091077 0.5454546 0.508458 0.5454546 0.508458 0.4545454 0.5091077 0.6363636 0.508458 0.6363636 0.508458 0.5454546 0.5091077 0.7272727 0.508458 0.7272727 0.508458 0.6363636 0.5091077 0.8181818 0.508458 0.8181818 0.508458 0.7272727 0.5091077 0.9090909 0.508458 0.9090909 0.508458 0.8181818 0.510407 0.09090906 0.5091077 0.09090906 0.5091078 0 0.510407 0.1818181 0.5091077 0.1818181 0.5091077 0.09090906 0.510407 0.2727273 0.5091077 0.2727273 0.5091077 0.1818181 0.510407 0.3636364 0.5091077 0.3636364 0.5091077 0.2727273 0.510407 0.4545454 0.5091077 0.4545454 0.5091077 0.3636364 0.510407 0.5454546 0.5091077 0.5454546 0.5091077 0.4545454 0.510407 0.5454546 0.510407 0.6363636 0.5091077 0.6363636 0.510407 0.6363636 0.510407 0.7272727 0.5091077 0.7272727 0.510407 0.7272727 0.510407 0.8181818 0.5091077 0.8181818 0.510407 0.8181818 0.510407 0.9090909 0.5091077 0.9090909 0.5110567 0.09090906 0.510407 0.09090906 0.510407 0 0.5110567 0.1818181 0.510407 0.1818181 0.510407 0.09090906 0.5110567 0.2727273 0.510407 0.2727273 0.510407 0.1818181 0.5110567 0.3636364 0.510407 0.3636364 0.510407 0.2727273 0.5110567 0.4545455 0.510407 0.4545454 0.510407 0.3636364 0.5110567 0.5454546 0.510407 0.5454546 0.510407 0.4545454 0.5110567 0.5454546 0.5110567 0.6363637 0.510407 0.6363636 0.5110567 0.6363637 0.5110567 0.7272728 0.510407 0.7272727 0.5110567 0.7272728 0.5110566 0.8181818 0.510407 0.8181818 0.5110566 0.8181818 0.5110566 0.9090909 0.510407 0.9090909 0.5110566 0.9090909 0.5110566 1 0.510407 1 0.510407 0.9090909 0.510407 1 0.5091077 1 0.5091077 1 0.508458 1 0.508458 0.9090909 0.5084579 1 0.5078083 1 0.5078083 0.9090909 0.5121819 0.005197167 0.5110567 0.004547536 0.5110567 0.003248214 0.5110567 0.003248214 0.5121819 0.002598583 0.5133072 0.003248214 0.5133072 0.003248214 0.5133072 0.004547536 0.5110567 0.003248214 0.5078083 1 0.506509 1 0.506509 0.9090909 0.506509 0.9090909 0.506509 1 0.5058593 1 0.5110567 0.001948952 0.5110567 6.49651e-4 0.5133072 0.001948952 0.5110567 6.49651e-4 0.5121819 0 0.5133072 0.001948952 0.5121819 0 0.5133072 6.49652e-4 0.5133072 0.001948952 0.506509 0.09090906 0.5058594 0.09090906 0.5058594 0 0.506509 0.1818181 0.5058594 0.1818181 0.5058594 0.09090906 0.506509 0.2727273 0.5058594 0.2727273 0.5058594 0.1818181 0.506509 0.3636364 0.5058594 0.3636364 0.5058594 0.2727273 0.506509 0.4545454 0.5058594 0.4545455 0.5058594 0.3636364 0.506509 0.4545454 0.506509 0.5454546 0.5058594 0.5454546 0.506509 0.5454546 0.506509 0.6363636 0.5058594 0.6363637 0.506509 0.6363636 0.506509 0.7272727 0.5058594 0.7272728 0.506509 0.7272727 0.506509 0.8181818 0.5058594 0.8181818 0.506509 0.8181818 0.506509 0.9090909 0.5058594 0.9090909 0.5078083 0 0.5078083 0.09090906 0.506509 0.09090906 0.5078083 0.09090906 0.5078083 0.1818181 0.506509 0.1818181 0.5078083 0.1818181 0.5078083 0.2727273 0.506509 0.2727273 0.5078083 0.2727273 0.5078083 0.3636364 0.506509 0.3636364 0.5078083 0.3636364 0.5078083 0.4545454 0.506509 0.4545454 0.5078083 0.5454546 0.506509 0.5454546 0.506509 0.4545454 0.5078083 0.6363636 0.506509 0.6363636 0.506509 0.5454546 0.5078083 0.7272727 0.506509 0.7272727 0.506509 0.6363636 0.5078083 0.8181818 0.506509 0.8181818 0.506509 0.7272727 0.5078083 0.9090909 0.506509 0.9090909 0.506509 0.8181818 0.508458 0 0.508458 0.09090906 0.5078083 0.09090906 0.508458 0.09090906 0.5084579 0.1818181 0.5078083 0.1818181 0.5084579 0.1818181 0.5084579 0.2727273 0.5078083 0.2727273 0.5084579 0.2727273 0.5084579 0.3636364 0.5078083 0.3636364 0.5084579 0.3636364 0.5084579 0.4545454 0.5078083 0.4545454 0.5084579 0.5454546 0.5078083 0.5454546 0.5078083 0.4545454 0.5084579 0.6363636 0.5078083 0.6363636 0.5078083 0.5454546 0.5084579 0.7272727 0.5078083 0.7272727 0.5078083 0.6363636 0.5084579 0.8181818 0.5078083 0.8181818 0.5078083 0.7272727 0.5084579 0.9090909 0.5078083 0.9090909 0.5078083 0.8181818 0.5091078 0 0.5091077 0.09090906 0.508458 0.09090906 0.5091077 0.09090906 0.5091077 0.1818181 0.508458 0.1818181 0.5091077 0.1818181 0.5091077 0.2727273 0.508458 0.2727273 0.5091077 0.2727273 0.5091077 0.3636364 0.508458 0.3636364 0.5091077 0.3636364 0.5091077 0.4545454 0.508458 0.4545454 0.5091077 0.5454546 0.508458 0.5454546 0.508458 0.4545454 0.5091077 0.6363636 0.508458 0.6363636 0.508458 0.5454546 0.5091077 0.7272727 0.508458 0.7272727 0.508458 0.6363636 0.5091077 0.8181818 0.508458 0.8181818 0.508458 0.7272727 0.5091077 0.9090909 0.508458 0.9090909 0.508458 0.8181818 0.510407 0.09090906 0.5091077 0.09090906 0.5091078 0 0.510407 0.1818181 0.5091077 0.1818181 0.5091077 0.09090906 0.510407 0.2727273 0.5091077 0.2727273 0.5091077 0.1818181 0.510407 0.3636364 0.5091077 0.3636364 0.5091077 0.2727273 0.510407 0.4545454 0.5091077 0.4545454 0.5091077 0.3636364 0.510407 0.5454546 0.5091077 0.5454546 0.5091077 0.4545454 0.510407 0.5454546 0.510407 0.6363636 0.5091077 0.6363636 0.510407 0.6363636 0.510407 0.7272727 0.5091077 0.7272727 0.510407 0.7272727 0.510407 0.8181818 0.5091077 0.8181818 0.510407 0.8181818 0.510407 0.9090909 0.5091077 0.9090909 0.5110567 0.09090906 0.510407 0.09090906 0.510407 0 0.5110567 0.1818181 0.510407 0.1818181 0.510407 0.09090906 0.5110567 0.2727273 0.510407 0.2727273 0.510407 0.1818181 0.5110567 0.3636364 0.510407 0.3636364 0.510407 0.2727273 0.5110567 0.4545455 0.510407 0.4545454 0.510407 0.3636364 0.5110567 0.5454546 0.510407 0.5454546 0.510407 0.4545454 0.5110567 0.5454546 0.5110567 0.6363637 0.510407 0.6363636 0.5110567 0.6363637 0.5110567 0.7272728 0.510407 0.7272727 0.5110567 0.7272728 0.5110566 0.8181818 0.510407 0.8181818 0.5110566 0.8181818 0.5110566 0.9090909 0.510407 0.9090909 0.1141876 -0.2255401 0.1140135 2.734263 0.02183318 2.734264 0.114057 2.734263 0.02187669 2.734263 0.02187669 -0.2255406 0.1140571 2.734262 0.02187675 2.734262 0.02187675 -0.225541 0.1141006 2.734262 0.02192026 2.734263 0.02174615 -0.225541 0.1160689 0.6665732 0.02388876 0.6665732 0.02388876 0.5743928 0.2671135 0.7275838 0.174759 0.7275838 0.1749331 1.74649e-4 0.2670699 1.74113e-4 0.2670699 0.7275837 0.1748896 0.7275838 0.2670701 0.7275839 0.1748897 0.7275843 0.1748897 1.74649e-4 0.2672005 0.7275848 0.174846 0.7275848 0.174846 1.75267e-4 0.3867788 0.2332094 0.3821107 0.2285412 0.4007833 0.2285412 0.3073174 0.2285412 0.3119856 0.2285412 0.3119856 0.5553129 0.3306583 0.2285412 0.3306583 0.5553129 0.3119856 0.5553129 0.3539991 0.2285412 0.3539991 0.5553129 0.3493309 0.5553129 0.3821107 0.2659379 0.3821107 0.2472652 0.3867788 0.2519334 0.3821107 0.2472139 0.3821107 0.2285412 0.3867788 0.2332094 0.3867788 0.2519334 0.3821107 0.2472652 0.4007833 0.2472652 0.3540503 0.5553129 0.3540503 0.2285413 0.3680549 0.2285413 0.3680549 0.2285413 0.3820593 0.2285412 0.3820593 0.5553129 0.3493309 0.5553129 0.3306583 0.5553129 0.3306583 0.2285412 0.3867788 0.2332094 0.3821107 0.2285412 0.4007833 0.2285412 0.3073174 0.2285412 0.3119856 0.2285412 0.3119856 0.5553129 0.3306583 0.2285412 0.3306583 0.5553129 0.3119856 0.5553129 0.3539991 0.2285412 0.3539991 0.5553129 0.3493309 0.5553129 0.3821107 0.2659379 0.3821107 0.2472652 0.3867788 0.2519334 0.3821107 0.2472139 0.3821107 0.2285412 0.3867788 0.2332094 0.3867788 0.2519334 0.3821107 0.2472652 0.4007833 0.2472652 0.3540503 0.5553129 0.3540503 0.2285413 0.3680549 0.2285413 0.3680549 0.2285413 0.3820593 0.2285412 0.3820593 0.5553129 0.3493309 0.5553129 0.3306583 0.5553129 0.3306583 0.2285412 0.3867788 0.2332094 0.4007833 0.2332094 0.4007833 0.2285412 0.3073174 0.2285412 0.3073174 0.5553129 0.3119856 0.5553129 0.3119856 0.5553129 0.3306583 0.5553129 0.3306583 0.2285412 0.3493309 0.5553129 0.3539991 0.5553129 0.3539991 0.2285412 0.3867788 0.2519334 0.3821107 0.2472652 0.3821107 0.2659379 0.3821107 0.2472139 0.3867788 0.2472139 0.3867788 0.2332094 0.4007833 0.2472652 0.3821107 0.2472652 0.3867788 0.2519334 0.3680549 0.2285413 0.3540503 0.2285413 0.3540503 0.5553129 0.3820593 0.5553129 0.3820593 0.2285412 0.3680549 0.2285413 0.3493309 0.2285412 0.3306583 0.2285412 0.3306583 0.5553129 1 1 0.875 1 0.875 0.6261484 0.875 0.6261484 0.875 1 0.75 1 0.75 1 0.625 1 0.625 0.6261484 0.625 1 0.5 1 0.5 0.6261484 0.5 1 0.375 1 0.375 0.6261484 0.375 0.6261484 0.375 1 0.25 1 0.75 1 0.875 1 0.875 1 0.25 1 0.125 1 0.125 0.6261484 0.125 1 0 1 0 0.6261484 0.5802944 0.4197056 0.75 0.49 0.9197056 0.4197056 0.9197056 0.4197056 0.99 0.25 0.9197056 0.08029437 0.9197056 0.08029437 0.75 0.00999999 0.5802944 0.08029437 0.5802944 0.08029437 0.51 0.25 0.5802944 0.4197056 0.5802944 0.4197056 0.9197056 0.4197056 0.9197056 0.08029437 0.125 0.5 0.125 0.6261484 0 0.6261484 0.25 0.5 0.25 0.6261484 0.125 0.6261484 0.375 0.5 0.375 0.6261484 0.25 0.6261484 0.5 0.5 0.5 0.6261484 0.375 0.6261484 0.625 0.6261484 0.5 0.6261484 0.5 0.5 0.75 0.6261484 0.625 0.6261484 0.625 0.5 0.875 0.6261484 0.75 0.6261484 0.75 0.5 1 0.6261484 0.875 0.6261484 0.875 0.5 0.375 1 0.5 1 0.5 1 0 1 0.125 1 0.125 1 1 1 1 1 0.875 1 0.625 1 0.75 1 0.75 1 0.375 1 0.375 1 0.25 1 0.625 1 0.625 1 0.5 1 0.25 1 0.25 1 0.125 1 1 1 0.875 1 0.875 0.6261484 0.875 1 0.75 1 0.75 0.6261484 0.75 1 0.625 1 0.625 0.6261484 0.625 0.6261484 0.625 1 0.5 1 0.5 1 0.375 1 0.375 0.6261484 0.375 0.6261484 0.375 1 0.25 1 0.75 1 0.875 1 0.875 1 0.25 0.6261484 0.25 1 0.125 1 0.125 1 0 1 0 0.6261484 0.5802944 0.4197056 0.75 0.49 0.9197056 0.4197056 0.9197056 0.4197056 0.99 0.25 0.5802944 0.4197056 0.99 0.25 0.9197056 0.08029437 0.5802944 0.4197056 0.9197056 0.08029437 0.75 0.00999999 0.5802944 0.08029437 0.5802944 0.08029437 0.51 0.25 0.9197056 0.08029437 0.125 0.5 0.125 0.6261484 0 0.6261484 0.25 0.5 0.25 0.6261484 0.125 0.6261484 0.375 0.6261484 0.25 0.6261484 0.25 0.5 0.5 0.6261484 0.375 0.6261484 0.375 0.5 0.625 0.6261484 0.5 0.6261484 0.5 0.5 0.75 0.5 0.75 0.6261484 0.625 0.6261484 0.875 0.6261484 0.75 0.6261484 0.75 0.5 1 0.6261484 0.875 0.6261484 0.875 0.5 0.375 1 0.5 1 0.5 1 0 1 0.125 1 0.125 1 1 1 1 1 0.875 1 0.75 1 0.75 1 0.625 1 0.25 1 0.375 1 0.375 1 0.5 1 0.625 1 0.625 1 0.25 1 0.25 1 0.125 1 1 1 0.875 1 0.875 0.6261484 0.875 1 0.75 1 0.75 0.6261484 0.75 1 0.625 1 0.625 0.6261484 0.625 1 0.5 1 0.5 0.6261484 0.5 0.6261484 0.5 1 0.375 1 0.375 1 0.25 1 0.25 0.6261484 0.875 1 0.875 1 0.75 1 0.25 0.6261484 0.25 1 0.125 1 0.125 0.6261484 0.125 1 0 1 0.5802944 0.4197056 0.75 0.49 0.9197056 0.08029437 0.75 0.49 0.9197056 0.4197056 0.9197056 0.08029437 0.9197056 0.4197056 0.99 0.25 0.9197056 0.08029437 0.9197056 0.08029437 0.75 0.00999999 0.5802944 0.08029437 0.5802944 0.08029437 0.51 0.25 0.9197056 0.08029437 0.125 0.6261484 0 0.6261484 0 0.5 0.25 0.6261484 0.125 0.6261484 0.125 0.5 0.375 0.6261484 0.25 0.6261484 0.25 0.5 0.5 0.5 0.5 0.6261484 0.375 0.6261484 0.625 0.5 0.625 0.6261484 0.5 0.6261484 0.75 0.5 0.75 0.6261484 0.625 0.6261484 0.875 0.5 0.875 0.6261484 0.75 0.6261484 1 0.5 1 0.6261484 0.875 0.6261484 0.5 1 0.5 1 0.375 1 0.125 1 0.125 1 0 1 0.875 1 1 1 1 1 0.75 1 0.75 1 0.625 1 0.25 1 0.375 1 0.375 1 0.5 1 0.625 1 0.625 1 0.125 1 0.25 1 0.25 1 0.75 1 0.875 1 0 1 0 1 0.125 1 0.25 1 0.25 1 0.375 1 0.5 1 0.5 1 0.625 1 0.75 1 0.75 1 0 1 0.5 1 0.4930317 0.0373739 0.5290323 0.0373739 0.5290323 0.04937404 0.4930317 0.04937404 0.5290323 0.04937404 0.5290323 0.06137424 0.5290323 0.06137424 0.5290323 0.07337445 0.4930317 0.07337445 0.4930317 0.07337445 0.5290323 0.07337445 0.5290323 0.08537459 0.5290323 0.08537459 0.5290323 0.09737479 0.4930317 0.09737479 0.5290323 0.09737479 0.5290323 0.109375 0.4930317 0.109375 0.4930317 0.04937404 0.5290323 0.04937404 0.5290323 0.06137424 0.5290323 0.06137424 0.5290323 0.07337445 0.4930317 0.07337445 0.4930317 0.07337445 0.5290323 0.07337445 0.5290323 0.08537459 0.5290323 0.08537459 0.5290323 0.09737479 0.4930317 0.09737479 0.4930317 0.04937404 0.4930317 0.06137424 0.5290323 0.06137424 0.4930317 0.07337445 0.5290323 0.07337445 0.5290323 0.06137424 0.4930317 0.07337445 0.4930317 0.08537459 0.5290323 0.08537459 0.4930317 0.09737479 0.5290323 0.09737479 0.5290323 0.08537459 0.4930317 0.04937404 0.4930317 0.06137424 0.4930317 0.06137424 0.5290323 0.04937404 0.5290323 0.04937404 0.5290323 0.06137424 0.4930317 0.07337445 0.4930317 0.07337445 0.4930317 0.06137424 0.5290323 0.07337445 0.5290323 0.06137424 0.5290323 0.06137424 0.4930317 0.07337445 0.4930317 0.08537459 0.4930317 0.08537459 0.5290323 0.07337445 0.5290323 0.07337445 0.5290323 0.08537459 0.4930317 0.09737479 0.4930317 0.09737479 0.4930317 0.08537459 0.5290323 0.09737479 0.5290323 0.08537459 0.5290323 0.08537459 1 0.6261484 1 1 0.875 1 0.875 1 0.75 1 0.75 0.6261484 0.75 1 0.625 1 0.625 0.6261484 0.625 1 0.5 1 0.5 0.6261484 0.5 0.6261484 0.5 1 0.375 1 0.375 0.6261484 0.375 1 0.25 1 0.75 1 0.875 1 0.875 1 0.25 0.6261484 0.25 1 0.125 1 0.125 1 0 1 0 0.6261484 0.5802944 0.4197056 0.75 0.49 0.9197056 0.4197056 0.9197056 0.4197056 0.99 0.25 0.9197056 0.08029437 0.9197056 0.08029437 0.75 0.00999999 0.5802944 0.08029437 0.5802944 0.08029437 0.51 0.25 0.5802944 0.4197056 0.5802944 0.4197056 0.9197056 0.4197056 0.9197056 0.08029437 0.125 0.5 0.125 0.6261484 0 0.6261484 0.25 0.6261484 0.125 0.6261484 0.125 0.5 0.375 0.6261484 0.25 0.6261484 0.25 0.5 0.5 0.5 0.5 0.6261484 0.375 0.6261484 0.625 0.6261484 0.5 0.6261484 0.5 0.5 0.75 0.6261484 0.625 0.6261484 0.625 0.5 0.875 0.6261484 0.75 0.6261484 0.75 0.5 1 0.6261484 0.875 0.6261484 0.875 0.5 0.375 1 0.5 1 0.5 1 0 1 0.125 1 0.125 1 1 1 1 1 0.875 1 0.625 1 0.75 1 0.75 1 0.375 1 0.375 1 0.25 1 0.625 1 0.625 1 0.5 1 0.25 1 0.25 1 0.125 1 1 1 0.875 1 0.875 0.6261484 0.875 1 0.75 1 0.75 0.6261484 0.75 1 0.625 1 0.625 0.6261484 0.625 0.6261484 0.625 1 0.5 1 0.5 1 0.375 1 0.375 0.6261484 0.375 0.6261484 0.375 1 0.25 1 0.75 1 0.875 1 0.875 1 0.25 0.6261484 0.25 1 0.125 1 0.125 0.6261484 0.125 1 0 1 0.5802944 0.4197056 0.75 0.49 0.9197056 0.4197056 0.9197056 0.4197056 0.99 0.25 0.5802944 0.4197056 0.99 0.25 0.9197056 0.08029437 0.5802944 0.4197056 0.9197056 0.08029437 0.75 0.00999999 0.5802944 0.08029437 0.5802944 0.08029437 0.51 0.25 0.9197056 0.08029437 0.125 0.5 0.125 0.6261484 0 0.6261484 0.25 0.5 0.25 0.6261484 0.125 0.6261484 0.375 0.5 0.375 0.6261484 0.25 0.6261484 0.5 0.5 0.5 0.6261484 0.375 0.6261484 0.625 0.5 0.625 0.6261484 0.5 0.6261484 0.75 0.5 0.75 0.6261484 0.625 0.6261484 0.875 0.6261484 0.75 0.6261484 0.75 0.5 1 0.6261484 0.875 0.6261484 0.875 0.5 0.5 1 0.5 1 0.375 1 0 1 0.125 1 0.125 1 1 1 1 1 0.875 1 0.75 1 0.75 1 0.625 1 0.25 1 0.375 1 0.375 1 0.625 1 0.625 1 0.5 1 0.25 1 0.25 1 0.125 1 1 1 0.875 1 0.875 0.6261484 0.875 1 0.75 1 0.75 0.6261484 0.75 1 0.625 1 0.625 0.6261484 0.625 1 0.5 1 0.5 0.6261484 0.5 0.6261484 0.5 1 0.375 1 0.375 1 0.25 1 0.25 0.6261484 0.875 1 0.875 1 0.75 1 0.25 0.6261484 0.25 1 0.125 1 0.125 0.6261484 0.125 1 0 1 0.5802944 0.4197056 0.75 0.49 0.9197056 0.08029437 0.75 0.49 0.9197056 0.4197056 0.9197056 0.08029437 0.9197056 0.4197056 0.99 0.25 0.9197056 0.08029437 0.9197056 0.08029437 0.75 0.00999999 0.5802944 0.08029437 0.5802944 0.08029437 0.51 0.25 0.9197056 0.08029437 0.125 0.6261484 0 0.6261484 0 0.5 0.25 0.6261484 0.125 0.6261484 0.125 0.5 0.375 0.6261484 0.25 0.6261484 0.25 0.5 0.5 0.5 0.5 0.6261484 0.375 0.6261484 0.625 0.5 0.625 0.6261484 0.5 0.6261484 0.75 0.5 0.75 0.6261484 0.625 0.6261484 0.875 0.5 0.875 0.6261484 0.75 0.6261484 1 0.5 1 0.6261484 0.875 0.6261484 0.5 1 0.5 1 0.375 1 0.125 1 0.125 1 0 1 1 1 1 1 0.875 1 0.75 1 0.75 1 0.625 1 0.25 1 0.375 1 0.375 1 0.5 1 0.625 1 0.625 1 0.125 1 0.25 1 0.25 1 0.75 1 0.875 1 0 1 0 1 0.125 1 0.25 1 0.25 1 0.375 1 0.5 1 0.5 1 0.625 1 0.75 1 0.75 1 0 1 0.5 1 0.4930317 0.0373739 0.5290323 0.0373739 0.5290323 0.04937404 0.4930317 0.04937404 0.5290323 0.04937404 0.5290323 0.06137424 0.5290323 0.06137424 0.5290323 0.07337445 0.4930317 0.07337445 0.4930317 0.07337445 0.5290323 0.07337445 0.5290323 0.08537459 0.5290323 0.08537459 0.5290323 0.09737479 0.4930317 0.09737479 0.5290323 0.09737479 0.5290323 0.109375 0.4930317 0.109375 0.4930317 0.04937404 0.5290323 0.04937404 0.5290323 0.06137424 0.5290323 0.06137424 0.5290323 0.07337445 0.4930317 0.07337445 0.4930317 0.07337445 0.5290323 0.07337445 0.5290323 0.08537459 0.5290323 0.08537459 0.5290323 0.09737479 0.4930317 0.09737479 0.4930317 0.04937404 0.4930317 0.06137424 0.5290323 0.06137424 0.4930317 0.07337445 0.5290323 0.07337445 0.5290323 0.06137424 0.4930317 0.07337445 0.4930317 0.08537459 0.5290323 0.08537459 0.4930317 0.09737479 0.5290323 0.09737479 0.5290323 0.08537459 0.4930317 0.04937404 0.4930317 0.06137424 0.4930317 0.06137424 0.5290323 0.04937404 0.5290323 0.04937404 0.5290323 0.06137424 0.4930317 0.07337445 0.4930317 0.07337445 0.4930317 0.06137424 0.5290323 0.07337445 0.5290323 0.06137424 0.5290323 0.06137424 0.4930317 0.08537459 0.4930317 0.08537459 0.4930317 0.07337445 0.5290323 0.07337445 0.5290323 0.07337445 0.5290323 0.08537459 0.4930317 0.09737479 0.4930317 0.09737479 0.4930317 0.08537459 0.5290323 0.09737479 0.5290323 0.08537459 0.5290323 0.08537459 1 1 0.875 1 0.875 0.6261484 0.875 1 0.75 1 0.75 0.6261484 0.75 1 0.625 1 0.625 0.6261484 0.625 1 0.5 1 0.5 0.6261484 0.5 0.6261484 0.5 1 0.375 1 0.375 0.6261484 0.375 1 0.25 1 0.75 1 0.875 1 0.875 1 0.25 0.6261484 0.25 1 0.125 1 0.125 1 0 1 0 0.6261484 0.5802944 0.4197056 0.75 0.49 0.9197056 0.4197056 0.9197056 0.4197056 0.99 0.25 0.9197056 0.08029437 0.9197056 0.08029437 0.75 0.00999999 0.5802944 0.08029437 0.5802944 0.08029437 0.51 0.25 0.5802944 0.4197056 0.5802944 0.4197056 0.9197056 0.4197056 0.9197056 0.08029437 0.125 0.5 0.125 0.6261484 0 0.6261484 0.25 0.5 0.25 0.6261484 0.125 0.6261484 0.375 0.5 0.375 0.6261484 0.25 0.6261484 0.5 0.5 0.5 0.6261484 0.375 0.6261484 0.625 0.6261484 0.5 0.6261484 0.5 0.5 0.75 0.6261484 0.625 0.6261484 0.625 0.5 0.875 0.6261484 0.75 0.6261484 0.75 0.5 1 0.6261484 0.875 0.6261484 0.875 0.5 0.375 1 0.5 1 0.5 1 0 1 0.125 1 0.125 1 1 1 1 1 0.875 1 0.625 1 0.75 1 0.75 1 0.375 1 0.375 1 0.25 1 0.625 1 0.625 1 0.5 1 0.25 1 0.25 1 0.125 1 1 1 0.875 1 0.875 0.6261484 0.875 1 0.75 1 0.75 0.6261484 0.75 1 0.625 1 0.625 0.6261484 0.625 0.6261484 0.625 1 0.5 1 0.5 1 0.375 1 0.375 0.6261484 0.375 0.6261484 0.375 1 0.25 1 0.75 1 0.875 1 0.875 1 0.25 0.6261484 0.25 1 0.125 1 0.125 0.6261484 0.125 1 0 1 0.5802944 0.4197056 0.75 0.49 0.9197056 0.4197056 0.9197056 0.4197056 0.99 0.25 0.5802944 0.4197056 0.99 0.25 0.9197056 0.08029437 0.5802944 0.4197056 0.9197056 0.08029437 0.75 0.00999999 0.5802944 0.08029437 0.5802944 0.08029437 0.51 0.25 0.9197056 0.08029437 0.125 0.5 0.125 0.6261484 0 0.6261484 0.25 0.5 0.25 0.6261484 0.125 0.6261484 0.375 0.6261484 0.25 0.6261484 0.25 0.5 0.5 0.6261484 0.375 0.6261484 0.375 0.5 0.625 0.5 0.625 0.6261484 0.5 0.6261484 0.75 0.5 0.75 0.6261484 0.625 0.6261484 0.875 0.6261484 0.75 0.6261484 0.75 0.5 1 0.6261484 0.875 0.6261484 0.875 0.5 0.375 1 0.5 1 0.5 1 0 1 0.125 1 0.125 1 1 1 1 1 0.875 1 0.75 1 0.75 1 0.625 1 0.25 1 0.375 1 0.375 1 0.625 1 0.625 1 0.5 1 0.125 1 0.25 1 0.25 1 1 1 0.875 1 0.875 0.6261484 0.875 1 0.75 1 0.75 0.6261484 0.75 1 0.625 1 0.625 0.6261484 0.625 1 0.5 1 0.5 0.6261484 0.5 0.6261484 0.5 1 0.375 1 0.375 1 0.25 1 0.25 0.6261484 0.875 1 0.875 1 0.75 1 0.25 0.6261484 0.25 1 0.125 1 0.125 0.6261484 0.125 1 0 1 0.5802944 0.4197056 0.75 0.49 0.9197056 0.08029437 0.75 0.49 0.9197056 0.4197056 0.9197056 0.08029437 0.9197056 0.4197056 0.99 0.25 0.9197056 0.08029437 0.9197056 0.08029437 0.75 0.00999999 0.5802944 0.08029437 0.5802944 0.08029437 0.51 0.25 0.9197056 0.08029437 0.125 0.6261484 0 0.6261484 0 0.5 0.25 0.6261484 0.125 0.6261484 0.125 0.5 0.375 0.6261484 0.25 0.6261484 0.25 0.5 0.5 0.5 0.5 0.6261484 0.375 0.6261484 0.625 0.5 0.625 0.6261484 0.5 0.6261484 0.75 0.5 0.75 0.6261484 0.625 0.6261484 0.875 0.5 0.875 0.6261484 0.75 0.6261484 1 0.5 1 0.6261484 0.875 0.6261484 0.5 1 0.5 1 0.375 1 0.125 1 0.125 1 0 1 0.875 1 1 1 1 1 0.75 1 0.75 1 0.625 1 0.25 1 0.375 1 0.375 1 0.5 1 0.625 1 0.625 1 0.125 1 0.25 1 0.25 1 0.75 1 0.875 1 0 1 0 1 0.125 1 0.25 1 0.25 1 0.375 1 0.5 1 0.5 1 0.625 1 0.75 1 0.75 1 0 1 0.5 1 0.4930317 0.0373739 0.5290323 0.0373739 0.5290323 0.04937404 0.4930317 0.04937404 0.5290323 0.04937404 0.5290323 0.06137424 0.5290323 0.06137424 0.5290323 0.07337445 0.4930317 0.07337445 0.4930317 0.07337445 0.5290323 0.07337445 0.5290323 0.08537459 0.5290323 0.08537459 0.5290323 0.09737479 0.4930317 0.09737479 0.5290323 0.09737479 0.5290323 0.109375 0.4930317 0.109375 0.4930317 0.04937404 0.5290323 0.04937404 0.5290323 0.06137424 0.5290323 0.06137424 0.5290323 0.07337445 0.4930317 0.07337445 0.4930317 0.07337445 0.5290323 0.07337445 0.5290323 0.08537459 0.5290323 0.08537459 0.5290323 0.09737479 0.4930317 0.09737479 0.4930317 0.04937404 0.4930317 0.06137424 0.5290323 0.06137424 0.4930317 0.07337445 0.5290323 0.07337445 0.5290323 0.06137424 0.4930317 0.07337445 0.4930317 0.08537459 0.5290323 0.08537459 0.4930317 0.09737479 0.5290323 0.09737479 0.5290323 0.08537459 0.4930317 0.04937404 0.4930317 0.06137424 0.4930317 0.06137424 0.5290323 0.04937404 0.5290323 0.04937404 0.5290323 0.06137424 0.4930317 0.07337445 0.4930317 0.07337445 0.4930317 0.06137424 0.5290323 0.07337445 0.5290323 0.06137424 0.5290323 0.06137424 0.4930317 0.07337445 0.4930317 0.08537459 0.4930317 0.08537459 0.5290323 0.07337445 0.5290323 0.07337445 0.5290323 0.08537459 0.4930317 0.09737479 0.4930317 0.09737479 0.4930317 0.08537459 0.5290323 0.09737479 0.5290323 0.08537459 0.5290323 0.08537459 0.1141876 -0.2255401 0.1140135 2.734263 0.02183318 2.734264 0.114057 2.734263 0.02187669 2.734263 0.02187669 -0.2255406 0.1140571 2.734262 0.02187675 2.734262 0.02187675 -0.225541 0.1141006 2.734262 0.02192026 2.734263 0.02174615 -0.225541 0.1160689 0.6665732 0.02388876 0.6665732 0.02388876 0.5743928 0.2671135 0.7275838 0.174759 0.7275838 0.1749331 1.74649e-4 0.2670699 1.74113e-4 0.2670699 0.7275837 0.1748896 0.7275838 0.2670701 0.7275839 0.1748897 0.7275843 0.1748897 1.74649e-4 0.2672005 0.7275848 0.174846 0.7275848 0.174846 1.75267e-4 0.3867788 0.2332094 0.3821107 0.2285412 0.4007833 0.2285412 0.3073174 0.2285412 0.3119856 0.2285412 0.3119856 0.5553129 0.3306583 0.2285412 0.3306583 0.5553129 0.3119856 0.5553129 0.3539991 0.2285412 0.3539991 0.5553129 0.3493309 0.5553129 0.3821107 0.2659379 0.3821107 0.2472652 0.3867788 0.2519334 0.3821107 0.2472139 0.3821107 0.2285412 0.3867788 0.2332094 0.3867788 0.2519334 0.3821107 0.2472652 0.4007833 0.2472652 0.3540503 0.5553129 0.3540503 0.2285413 0.3680549 0.2285413 0.3680549 0.2285413 0.3820593 0.2285412 0.3820593 0.5553129 0.3493309 0.5553129 0.3306583 0.5553129 0.3306583 0.2285412 0.3867788 0.2332094 0.3821107 0.2285412 0.4007833 0.2285412 0.3073174 0.2285412 0.3119856 0.2285412 0.3119856 0.5553129 0.3306583 0.2285412 0.3306583 0.5553129 0.3119856 0.5553129 0.3539991 0.2285412 0.3539991 0.5553129 0.3493309 0.5553129 0.3821107 0.2659379 0.3821107 0.2472652 0.3867788 0.2519334 0.3821107 0.2472139 0.3821107 0.2285412 0.3867788 0.2332094 0.3867788 0.2519334 0.3821107 0.2472652 0.4007833 0.2472652 0.3540503 0.5553129 0.3540503 0.2285413 0.3680549 0.2285413 0.3680549 0.2285413 0.3820593 0.2285412 0.3820593 0.5553129 0.3493309 0.5553129 0.3306583 0.5553129 0.3306583 0.2285412 0.3867788 0.2332094 0.4007833 0.2332094 0.4007833 0.2285412 0.3073174 0.2285412 0.3073174 0.5553129 0.3119856 0.5553129 0.3119856 0.5553129 0.3306583 0.5553129 0.3306583 0.2285412 0.3493309 0.5553129 0.3539991 0.5553129 0.3539991 0.2285412 0.3867788 0.2519334 0.3821107 0.2472652 0.3821107 0.2659379 0.3821107 0.2472139 0.3867788 0.2472139 0.3867788 0.2332094 0.4007833 0.2472652 0.3821107 0.2472652 0.3867788 0.2519334 0.3680549 0.2285413 0.3540503 0.2285413 0.3540503 0.5553129 0.3820593 0.5553129 0.3820593 0.2285412 0.3680549 0.2285413 0.3493309 0.2285412 0.3306583 0.2285412 0.3306583 0.5553129 1 1 0.875 1 0.875 0.6261484 0.875 0.6261484 0.875 1 0.75 1 0.75 1 0.625 1 0.625 0.6261484 0.625 1 0.5 1 0.5 0.6261484 0.5 1 0.375 1 0.375 0.6261484 0.375 0.6261484 0.375 1 0.25 1 0.75 1 0.875 1 0.875 1 0.25 1 0.125 1 0.125 0.6261484 0.125 1 0 1 0 0.6261484 0.5802944 0.4197056 0.75 0.49 0.9197056 0.4197056 0.9197056 0.4197056 0.99 0.25 0.9197056 0.08029437 0.9197056 0.08029437 0.75 0.00999999 0.5802944 0.08029437 0.5802944 0.08029437 0.51 0.25 0.5802944 0.4197056 0.5802944 0.4197056 0.9197056 0.4197056 0.9197056 0.08029437 0.125 0.5 0.125 0.6261484 0 0.6261484 0.25 0.5 0.25 0.6261484 0.125 0.6261484 0.375 0.5 0.375 0.6261484 0.25 0.6261484 0.5 0.5 0.5 0.6261484 0.375 0.6261484 0.625 0.6261484 0.5 0.6261484 0.5 0.5 0.75 0.6261484 0.625 0.6261484 0.625 0.5 0.875 0.6261484 0.75 0.6261484 0.75 0.5 1 0.6261484 0.875 0.6261484 0.875 0.5 0.375 1 0.5 1 0.5 1 0 1 0.125 1 0.125 1 1 1 1 1 0.875 1 0.625 1 0.75 1 0.75 1 0.375 1 0.375 1 0.25 1 0.625 1 0.625 1 0.5 1 0.25 1 0.25 1 0.125 1 1 1 0.875 1 0.875 0.6261484 0.875 1 0.75 1 0.75 0.6261484 0.75 1 0.625 1 0.625 0.6261484 0.625 0.6261484 0.625 1 0.5 1 0.5 1 0.375 1 0.375 0.6261484 0.375 0.6261484 0.375 1 0.25 1 0.75 1 0.875 1 0.875 1 0.25 0.6261484 0.25 1 0.125 1 0.125 1 0 1 0 0.6261484 0.5802944 0.4197056 0.75 0.49 0.9197056 0.4197056 0.9197056 0.4197056 0.99 0.25 0.5802944 0.4197056 0.99 0.25 0.9197056 0.08029437 0.5802944 0.4197056 0.9197056 0.08029437 0.75 0.00999999 0.5802944 0.08029437 0.5802944 0.08029437 0.51 0.25 0.9197056 0.08029437 0.125 0.5 0.125 0.6261484 0 0.6261484 0.25 0.5 0.25 0.6261484 0.125 0.6261484 0.375 0.6261484 0.25 0.6261484 0.25 0.5 0.5 0.6261484 0.375 0.6261484 0.375 0.5 0.625 0.6261484 0.5 0.6261484 0.5 0.5 0.75 0.5 0.75 0.6261484 0.625 0.6261484 0.875 0.6261484 0.75 0.6261484 0.75 0.5 1 0.6261484 0.875 0.6261484 0.875 0.5 0.375 1 0.5 1 0.5 1 0 1 0.125 1 0.125 1 1 1 1 1 0.875 1 0.75 1 0.75 1 0.625 1 0.25 1 0.375 1 0.375 1 0.5 1 0.625 1 0.625 1 0.25 1 0.25 1 0.125 1 1 1 0.875 1 0.875 0.6261484 0.875 1 0.75 1 0.75 0.6261484 0.75 1 0.625 1 0.625 0.6261484 0.625 1 0.5 1 0.5 0.6261484 0.5 0.6261484 0.5 1 0.375 1 0.375 1 0.25 1 0.25 0.6261484 0.875 1 0.875 1 0.75 1 0.25 0.6261484 0.25 1 0.125 1 0.125 0.6261484 0.125 1 0 1 0.5802944 0.4197056 0.75 0.49 0.9197056 0.08029437 0.75 0.49 0.9197056 0.4197056 0.9197056 0.08029437 0.9197056 0.4197056 0.99 0.25 0.9197056 0.08029437 0.9197056 0.08029437 0.75 0.00999999 0.5802944 0.08029437 0.5802944 0.08029437 0.51 0.25 0.9197056 0.08029437 0.125 0.6261484 0 0.6261484 0 0.5 0.25 0.6261484 0.125 0.6261484 0.125 0.5 0.375 0.6261484 0.25 0.6261484 0.25 0.5 0.5 0.5 0.5 0.6261484 0.375 0.6261484 0.625 0.5 0.625 0.6261484 0.5 0.6261484 0.75 0.5 0.75 0.6261484 0.625 0.6261484 0.875 0.5 0.875 0.6261484 0.75 0.6261484 1 0.5 1 0.6261484 0.875 0.6261484 0.5 1 0.5 1 0.375 1 0.125 1 0.125 1 0 1 0.875 1 1 1 1 1 0.75 1 0.75 1 0.625 1 0.25 1 0.375 1 0.375 1 0.5 1 0.625 1 0.625 1 0.125 1 0.25 1 0.25 1 0.75 1 0.875 1 0 1 0 1 0.125 1 0.25 1 0.25 1 0.375 1 0.5 1 0.5 1 0.625 1 0.75 1 0.75 1 0 1 0.5 1 0.4930317 0.0373739 0.5290323 0.0373739 0.5290323 0.04937404 0.4930317 0.04937404 0.5290323 0.04937404 0.5290323 0.06137424 0.5290323 0.06137424 0.5290323 0.07337445 0.4930317 0.07337445 0.4930317 0.07337445 0.5290323 0.07337445 0.5290323 0.08537459 0.5290323 0.08537459 0.5290323 0.09737479 0.4930317 0.09737479 0.5290323 0.09737479 0.5290323 0.109375 0.4930317 0.109375 0.4930317 0.04937404 0.5290323 0.04937404 0.5290323 0.06137424 0.5290323 0.06137424 0.5290323 0.07337445 0.4930317 0.07337445 0.4930317 0.07337445 0.5290323 0.07337445 0.5290323 0.08537459 0.5290323 0.08537459 0.5290323 0.09737479 0.4930317 0.09737479 0.4930317 0.04937404 0.4930317 0.06137424 0.5290323 0.06137424 0.4930317 0.07337445 0.5290323 0.07337445 0.5290323 0.06137424 0.4930317 0.07337445 0.4930317 0.08537459 0.5290323 0.08537459 0.4930317 0.09737479 0.5290323 0.09737479 0.5290323 0.08537459 0.4930317 0.04937404 0.4930317 0.06137424 0.4930317 0.06137424 0.5290323 0.04937404 0.5290323 0.04937404 0.5290323 0.06137424 0.4930317 0.07337445 0.4930317 0.07337445 0.4930317 0.06137424 0.5290323 0.07337445 0.5290323 0.06137424 0.5290323 0.06137424 0.4930317 0.07337445 0.4930317 0.08537459 0.4930317 0.08537459 0.5290323 0.07337445 0.5290323 0.07337445 0.5290323 0.08537459 0.4930317 0.09737479 0.4930317 0.09737479 0.4930317 0.08537459 0.5290323 0.09737479 0.5290323 0.08537459 0.5290323 0.08537459 1 0.6261484 1 1 0.875 1 0.875 1 0.75 1 0.75 0.6261484 0.75 1 0.625 1 0.625 0.6261484 0.625 1 0.5 1 0.5 0.6261484 0.5 0.6261484 0.5 1 0.375 1 0.375 0.6261484 0.375 1 0.25 1 0.75 1 0.875 1 0.875 1 0.25 0.6261484 0.25 1 0.125 1 0.125 1 0 1 0 0.6261484 0.5802944 0.4197056 0.75 0.49 0.9197056 0.4197056 0.9197056 0.4197056 0.99 0.25 0.9197056 0.08029437 0.9197056 0.08029437 0.75 0.00999999 0.5802944 0.08029437 0.5802944 0.08029437 0.51 0.25 0.5802944 0.4197056 0.5802944 0.4197056 0.9197056 0.4197056 0.9197056 0.08029437 0.125 0.5 0.125 0.6261484 0 0.6261484 0.25 0.6261484 0.125 0.6261484 0.125 0.5 0.375 0.6261484 0.25 0.6261484 0.25 0.5 0.5 0.5 0.5 0.6261484 0.375 0.6261484 0.625 0.6261484 0.5 0.6261484 0.5 0.5 0.75 0.6261484 0.625 0.6261484 0.625 0.5 0.875 0.6261484 0.75 0.6261484 0.75 0.5 1 0.6261484 0.875 0.6261484 0.875 0.5 0.375 1 0.5 1 0.5 1 0 1 0.125 1 0.125 1 1 1 1 1 0.875 1 0.625 1 0.75 1 0.75 1 0.375 1 0.375 1 0.25 1 0.625 1 0.625 1 0.5 1 0.25 1 0.25 1 0.125 1 1 1 0.875 1 0.875 0.6261484 0.875 1 0.75 1 0.75 0.6261484 0.75 1 0.625 1 0.625 0.6261484 0.625 0.6261484 0.625 1 0.5 1 0.5 1 0.375 1 0.375 0.6261484 0.375 0.6261484 0.375 1 0.25 1 0.75 1 0.875 1 0.875 1 0.25 0.6261484 0.25 1 0.125 1 0.125 0.6261484 0.125 1 0 1 0.5802944 0.4197056 0.75 0.49 0.9197056 0.4197056 0.9197056 0.4197056 0.99 0.25 0.5802944 0.4197056 0.99 0.25 0.9197056 0.08029437 0.5802944 0.4197056 0.9197056 0.08029437 0.75 0.00999999 0.5802944 0.08029437 0.5802944 0.08029437 0.51 0.25 0.9197056 0.08029437 0.125 0.5 0.125 0.6261484 0 0.6261484 0.25 0.5 0.25 0.6261484 0.125 0.6261484 0.375 0.5 0.375 0.6261484 0.25 0.6261484 0.5 0.5 0.5 0.6261484 0.375 0.6261484 0.625 0.5 0.625 0.6261484 0.5 0.6261484 0.75 0.5 0.75 0.6261484 0.625 0.6261484 0.875 0.6261484 0.75 0.6261484 0.75 0.5 1 0.6261484 0.875 0.6261484 0.875 0.5 0.5 1 0.5 1 0.375 1 0 1 0.125 1 0.125 1 1 1 1 1 0.875 1 0.75 1 0.75 1 0.625 1 0.25 1 0.375 1 0.375 1 0.625 1 0.625 1 0.5 1 0.125 1 0.25 1 0.25 1 1 1 0.875 1 0.875 0.6261484 0.875 1 0.75 1 0.75 0.6261484 0.75 1 0.625 1 0.625 0.6261484 0.625 1 0.5 1 0.5 0.6261484 0.5 0.6261484 0.5 1 0.375 1 0.375 1 0.25 1 0.25 0.6261484 0.875 1 0.875 1 0.75 1 0.25 0.6261484 0.25 1 0.125 1 0.125 0.6261484 0.125 1 0 1 0.5802944 0.4197056 0.75 0.49 0.9197056 0.08029437 0.75 0.49 0.9197056 0.4197056 0.9197056 0.08029437 0.9197056 0.4197056 0.99 0.25 0.9197056 0.08029437 0.9197056 0.08029437 0.75 0.00999999 0.5802944 0.08029437 0.5802944 0.08029437 0.51 0.25 0.9197056 0.08029437 0.125 0.6261484 0 0.6261484 0 0.5 0.25 0.6261484 0.125 0.6261484 0.125 0.5 0.375 0.6261484 0.25 0.6261484 0.25 0.5 0.5 0.5 0.5 0.6261484 0.375 0.6261484 0.625 0.5 0.625 0.6261484 0.5 0.6261484 0.75 0.5 0.75 0.6261484 0.625 0.6261484 0.875 0.5 0.875 0.6261484 0.75 0.6261484 1 0.5 1 0.6261484 0.875 0.6261484 0.5 1 0.5 1 0.375 1 0.125 1 0.125 1 0 1 1 1 1 1 0.875 1 0.75 1 0.75 1 0.625 1 0.25 1 0.375 1 0.375 1 0.5 1 0.625 1 0.625 1 0.125 1 0.25 1 0.25 1 0.75 1 0.875 1 0 1 0 1 0.125 1 0.25 1 0.25 1 0.375 1 0.5 1 0.5 1 0.625 1 0.75 1 0.75 1 0 1 0.5 1 0.4930317 0.0373739 0.5290323 0.0373739 0.5290323 0.04937404 0.4930317 0.04937404 0.5290323 0.04937404 0.5290323 0.06137424 0.5290323 0.06137424 0.5290323 0.07337445 0.4930317 0.07337445 0.4930317 0.07337445 0.5290323 0.07337445 0.5290323 0.08537459 0.5290323 0.08537459 0.5290323 0.09737479 0.4930317 0.09737479 0.5290323 0.09737479 0.5290323 0.109375 0.4930317 0.109375 0.4930317 0.04937404 0.5290323 0.04937404 0.5290323 0.06137424 0.5290323 0.06137424 0.5290323 0.07337445 0.4930317 0.07337445 0.4930317 0.07337445 0.5290323 0.07337445 0.5290323 0.08537459 0.5290323 0.08537459 0.5290323 0.09737479 0.4930317 0.09737479 0.4930317 0.04937404 0.4930317 0.06137424 0.5290323 0.06137424 0.4930317 0.07337445 0.5290323 0.07337445 0.5290323 0.06137424 0.4930317 0.07337445 0.4930317 0.08537459 0.5290323 0.08537459 0.4930317 0.09737479 0.5290323 0.09737479 0.5290323 0.08537459 0.4930317 0.04937404 0.4930317 0.06137424 0.4930317 0.06137424 0.5290323 0.04937404 0.5290323 0.04937404 0.5290323 0.06137424 0.4930317 0.07337445 0.4930317 0.07337445 0.4930317 0.06137424 0.5290323 0.07337445 0.5290323 0.06137424 0.5290323 0.06137424 0.4930317 0.08537459 0.4930317 0.08537459 0.4930317 0.07337445 0.5290323 0.07337445 0.5290323 0.07337445 0.5290323 0.08537459 0.4930317 0.09737479 0.4930317 0.09737479 0.4930317 0.08537459 0.5290323 0.09737479 0.5290323 0.08537459 0.5290323 0.08537459 1 1 0.875 1 0.875 0.6261484 0.875 1 0.75 1 0.75 0.6261484 0.75 1 0.625 1 0.625 0.6261484 0.625 0.6261484 0.625 1 0.5 1 0.5 0.6261484 0.5 1 0.375 1 0.375 0.6261484 0.375 1 0.25 1 0.75 1 0.875 1 0.875 1 0.25 0.6261484 0.25 1 0.125 1 0.125 1 0 1 0 0.6261484 0.5802944 0.4197056 0.75 0.49 0.9197056 0.4197056 0.9197056 0.4197056 0.99 0.25 0.9197056 0.08029437 0.9197056 0.08029437 0.75 0.00999999 0.5802944 0.08029437 0.5802944 0.08029437 0.51 0.25 0.5802944 0.4197056 0.5802944 0.4197056 0.9197056 0.4197056 0.9197056 0.08029437 0.125 0.5 0.125 0.6261484 0 0.6261484 0.25 0.5 0.25 0.6261484 0.125 0.6261484 0.375 0.5 0.375 0.6261484 0.25 0.6261484 0.5 0.5 0.5 0.6261484 0.375 0.6261484 0.625 0.6261484 0.5 0.6261484 0.5 0.5 0.75 0.6261484 0.625 0.6261484 0.625 0.5 0.875 0.6261484 0.75 0.6261484 0.75 0.5 1 0.6261484 0.875 0.6261484 0.875 0.5 0.375 1 0.5 1 0.5 1 0 1 0.125 1 0.125 1 1 1 1 1 0.875 1 0.625 1 0.75 1 0.75 1 0.375 1 0.375 1 0.25 1 0.625 1 0.625 1 0.5 1 0.25 1 0.25 1 0.125 1 1 1 0.875 1 0.875 0.6261484 0.875 1 0.75 1 0.75 0.6261484 0.75 1 0.625 1 0.625 0.6261484 0.625 0.6261484 0.625 1 0.5 1 0.5 1 0.375 1 0.375 0.6261484 0.375 0.6261484 0.375 1 0.25 1 0.75 1 0.875 1 0.875 1 0.25 0.6261484 0.25 1 0.125 1 0.125 0.6261484 0.125 1 0 1 0.5802944 0.4197056 0.75 0.49 0.9197056 0.4197056 0.9197056 0.4197056 0.99 0.25 0.5802944 0.4197056 0.99 0.25 0.9197056 0.08029437 0.5802944 0.4197056 0.9197056 0.08029437 0.75 0.00999999 0.5802944 0.08029437 0.5802944 0.08029437 0.51 0.25 0.9197056 0.08029437 0.125 0.5 0.125 0.6261484 0 0.6261484 0.25 0.5 0.25 0.6261484 0.125 0.6261484 0.375 0.6261484 0.25 0.6261484 0.25 0.5 0.5 0.6261484 0.375 0.6261484 0.375 0.5 0.625 0.5 0.625 0.6261484 0.5 0.6261484 0.75 0.5 0.75 0.6261484 0.625 0.6261484 0.875 0.6261484 0.75 0.6261484 0.75 0.5 1 0.6261484 0.875 0.6261484 0.875 0.5 0.375 1 0.5 1 0.5 1 0 1 0.125 1 0.125 1 1 1 1 1 0.875 1 0.75 1 0.75 1 0.625 1 0.25 1 0.375 1 0.375 1 0.625 1 0.625 1 0.5 1 0.125 1 0.25 1 0.25 1 1 1 0.875 1 0.875 0.6261484 0.875 1 0.75 1 0.75 0.6261484 0.75 1 0.625 1 0.625 0.6261484 0.625 1 0.5 1 0.5 0.6261484 0.5 0.6261484 0.5 1 0.375 1 0.375 1 0.25 1 0.25 0.6261484 0.875 1 0.875 1 0.75 1 0.25 0.6261484 0.25 1 0.125 1 0.125 0.6261484 0.125 1 0 1 0.5802944 0.4197056 0.75 0.49 0.9197056 0.08029437 0.75 0.49 0.9197056 0.4197056 0.9197056 0.08029437 0.9197056 0.4197056 0.99 0.25 0.9197056 0.08029437 0.9197056 0.08029437 0.75 0.00999999 0.5802944 0.08029437 0.5802944 0.08029437 0.51 0.25 0.9197056 0.08029437 0.125 0.6261484 0 0.6261484 0 0.5 0.25 0.6261484 0.125 0.6261484 0.125 0.5 0.375 0.6261484 0.25 0.6261484 0.25 0.5 0.5 0.5 0.5 0.6261484 0.375 0.6261484 0.625 0.5 0.625 0.6261484 0.5 0.6261484 0.75 0.5 0.75 0.6261484 0.625 0.6261484 0.875 0.5 0.875 0.6261484 0.75 0.6261484 1 0.5 1 0.6261484 0.875 0.6261484 0.5 1 0.5 1 0.375 1 0.125 1 0.125 1 0 1 0.875 1 1 1 1 1 0.75 1 0.75 1 0.625 1 0.25 1 0.375 1 0.375 1 0.5 1 0.625 1 0.625 1 0.125 1 0.25 1 0.25 1 0.75 1 0.875 1 0 1 0 1 0.125 1 0.25 1 0.25 1 0.375 1 0.5 1 0.5 1 0.625 1 0.75 1 0.75 1 0 1 0.5 1 0.4930317 0.0373739 0.5290323 0.0373739 0.5290323 0.04937404 0.4930317 0.04937404 0.5290323 0.04937404 0.5290323 0.06137424 0.5290323 0.06137424 0.5290323 0.07337445 0.4930317 0.07337445 0.4930317 0.07337445 0.5290323 0.07337445 0.5290323 0.08537459 0.5290323 0.08537459 0.5290323 0.09737479 0.4930317 0.09737479 0.5290323 0.09737479 0.5290323 0.109375 0.4930317 0.109375 0.4930317 0.04937404 0.5290323 0.04937404 0.5290323 0.06137424 0.5290323 0.06137424 0.5290323 0.07337445 0.4930317 0.07337445 0.4930317 0.07337445 0.5290323 0.07337445 0.5290323 0.08537459 0.5290323 0.08537459 0.5290323 0.09737479 0.4930317 0.09737479 0.4930317 0.04937404 0.4930317 0.06137424 0.5290323 0.06137424 0.4930317 0.07337445 0.5290323 0.07337445 0.5290323 0.06137424 0.4930317 0.07337445 0.4930317 0.08537459 0.5290323 0.08537459 0.4930317 0.09737479 0.5290323 0.09737479 0.5290323 0.08537459 0.4930317 0.04937404 0.4930317 0.06137424 0.4930317 0.06137424 0.5290323 0.04937404 0.5290323 0.04937404 0.5290323 0.06137424 0.4930317 0.07337445 0.4930317 0.07337445 0.4930317 0.06137424 0.5290323 0.07337445 0.5290323 0.06137424 0.5290323 0.06137424 0.4930317 0.07337445 0.4930317 0.08537459 0.4930317 0.08537459 0.5290323 0.07337445 0.5290323 0.07337445 0.5290323 0.08537459 0.4930317 0.09737479 0.4930317 0.09737479 0.4930317 0.08537459 0.5290323 0.09737479 0.5290323 0.08537459 0.5290323 0.08537459</float_array>
          <technique_common>
            <accessor source="#Cylinder_004-mesh-map-0-array" count="5544" stride="2">
              <param name="S" type="float"/>
              <param name="T" type="float"/>
            </accessor>
          </technique_common>
        </source>
        <vertices id="Cylinder_004-mesh-vertices">
          <input semantic="POSITION" source="#Cylinder_004-mesh-positions"/>
        </vertices>
        <triangles material="cable_tower-material" count="840">
          <input semantic="VERTEX" source="#Cylinder_004-mesh-vertices" offset="0"/>
          <input semantic="NORMAL" source="#Cylinder_004-mesh-normals" offset="1"/>
          <input semantic="TEXCOORD" source="#Cylinder_004-mesh-map-0" offset="2" set="1"/>
          <p>21 0 0 3 1 1 22 2 2 22 2 3 5 3 4 32 4 5 5 3 6 42 5 7 32 4 8 7 6 9 52 7 10 42 5 11 1 8 12 9 9 13 5 10 14 9 11 15 62 12 16 52 7 17 62 12 18 1 13 19 21 0 20 2 14 21 6 15 22 10 16 23 71 17 24 0 18 25 10 19 26 70 20 27 12 21 28 71 17 29 69 22 30 13 23 31 70 20 32 68 24 33 14 25 34 69 22 35 67 26 36 15 27 37 68 24 38 67 26 39 17 28 40 16 29 41 66 30 42 18 31 43 17 28 44 65 32 45 19 33 46 18 31 47 64 34 48 20 35 49 19 33 50 63 36 51 21 0 52 20 35 53 8 37 54 71 17 55 10 19 56 61 38 57 70 20 58 71 17 59 60 39 60 69 22 61 70 20 62 59 40 63 68 24 64 69 22 65 58 41 66 67 26 67 68 24 68 56 42 69 67 26 70 57 43 71 55 44 72 66 30 73 56 42 74 54 45 75 65 32 76 55 44 77 53 46 78 64 34 79 54 45 80 52 7 81 63 36 82 53 46 83 6 47 84 61 38 85 8 37 86 51 48 87 60 39 88 61 38 89 50 49 90 59 40 91 60 39 92 49 50 93 58 41 94 59 40 95 48 51 96 57 43 97 58 41 98 46 52 99 57 43 100 47 53 101 45 54 102 56 42 103 46 52 104 44 55 105 55 44 106 45 54 107 43 56 108 54 45 109 44 55 110 42 5 111 53 46 112 43 56 113 4 57 114 51 48 115 6 47 116 41 58 117 50 49 118 51 48 119 40 59 120 49 50 121 50 49 122 39 60 123 48 51 124 49 50 125 38 61 126 47 53 127 48 51 128 36 62 129 47 53 130 37 63 131 35 64 132 46 52 133 36 62 134 34 65 135 45 54 136 35 64 137 33 66 138 44 55 139 34 65 140 32 4 141 43 56 142 33 66 143 31 67 144 4 57 145 2 68 146 30 69 147 41 58 148 31 67 149 29 70 150 40 59 151 30 69 152 28 71 153 39 60 154 29 70 155 27 72 156 38 61 157 28 71 158 26 73 159 37 63 160 27 72 161 26 73 162 35 64 163 36 62 164 25 74 165 34 65 166 35 64 167 24 75 168 33 66 169 34 65 170 23 76 171 32 4 172 33 66 173 12 21 174 2 68 175 0 18 176 13 23 177 31 67 178 12 21 179 14 25 180 30 69 181 13 23 182 15 27 183 29 70 184 14 25 185 16 29 186 28 71 187 15 27 188 17 28 189 27 72 190 16 29 191 17 28 192 25 74 193 26 73 194 18 31 195 24 75 196 25 74 197 19 33 198 23 76 199 24 75 200 20 35 201 22 2 202 23 76 203 93 77 204 75 78 205 94 79 206 94 79 207 77 80 208 104 81 209 77 80 210 114 82 211 104 81 212 79 83 213 124 84 214 114 82 215 81 85 216 79 9 217 77 9 218 81 86 219 134 87 220 124 84 221 134 87 222 73 88 223 93 77 224 78 89 225 80 90 226 82 91 227 143 92 228 72 93 229 82 94 230 142 95 231 84 96 232 143 92 233 141 97 234 85 98 235 142 95 236 140 99 237 86 100 238 141 97 239 139 101 240 87 102 241 140 99 242 139 101 243 89 103 244 88 104 245 138 105 246 90 106 247 89 103 248 137 107 249 91 108 250 90 106 251 136 109 252 92 110 253 91 108 254 135 111 255 93 77 256 92 110 257 80 112 258 143 92 259 82 94 260 133 113 261 142 95 262 143 92 263 132 114 264 141 97 265 142 95 266 131 115 267 140 99 268 141 97 269 130 116 270 139 101 271 140 99 272 128 117 273 139 101 274 129 118 275 127 119 276 138 105 277 128 117 278 126 120 279 137 107 280 127 119 281 125 121 282 136 109 283 126 120 284 124 84 285 135 111 286 125 121 287 78 122 288 133 113 289 80 112 290 123 123 291 132 114 292 133 113 293 122 124 294 131 115 295 132 114 296 121 125 297 130 116 298 131 115 299 120 126 300 129 118 301 130 116 302 118 127 303 129 118 304 119 128 305 117 129 306 128 117 307 118 127 308 116 130 309 127 119 310 117 129 311 115 131 312 126 120 313 116 130 314 114 82 315 125 121 316 115 131 317 76 132 318 123 123 319 78 122 320 113 133 321 122 124 322 123 123 323 112 134 324 121 125 325 122 124 326 111 135 327 120 126 328 121 125 329 110 136 330 119 128 331 120 126 332 108 137 333 119 128 334 109 138 335 107 139 336 118 127 337 108 137 338 106 140 339 117 129 340 107 139 341 105 141 342 116 130 343 106 140 344 104 81 345 115 131 346 105 141 347 103 142 348 76 132 349 74 143 350 102 144 351 113 133 352 103 142 353 101 145 354 112 134 355 102 144 356 100 146 357 111 135 358 101 145 359 99 147 360 110 136 361 100 146 362 98 148 363 109 138 364 99 147 365 98 148 366 107 139 367 108 137 368 97 149 369 106 140 370 107 139 371 96 150 372 105 141 373 106 140 374 95 151 375 104 81 376 105 141 377 84 96 378 74 143 379 72 93 380 85 98 381 103 142 382 84 96 383 86 100 384 102 144 385 85 98 386 87 102 387 101 145 388 86 100 389 88 104 390 100 146 391 87 102 392 89 103 393 99 147 394 88 104 395 89 103 396 97 149 397 98 148 398 90 106 399 96 150 400 97 149 401 91 108 402 95 151 403 96 150 404 92 110 405 94 79 406 95 151 407 165 152 408 147 153 409 166 154 410 166 154 411 149 155 412 176 156 413 149 155 414 186 157 415 176 156 416 151 158 417 196 159 418 186 157 419 151 160 420 149 161 421 145 162 422 153 163 423 206 164 424 196 159 425 206 164 426 145 165 427 165 152 428 150 166 429 152 90 430 154 167 431 215 168 432 144 169 433 154 170 434 214 171 435 156 172 436 215 168 437 213 173 438 157 174 439 214 171 440 212 175 441 158 176 442 213 173 443 211 177 444 159 178 445 212 175 446 211 177 447 161 179 448 160 180 449 210 181 450 162 182 451 161 179 452 209 183 453 163 184 454 162 182 455 208 185 456 164 186 457 163 184 458 207 187 459 165 152 460 164 186 461 152 188 462 215 168 463 154 170 464 205 189 465 214 171 466 215 168 467 204 190 468 213 173 469 214 171 470 203 191 471 212 175 472 213 173 473 202 192 474 211 177 475 212 175 476 200 193 477 211 177 478 201 194 479 199 195 480 210 181 481 200 193 482 198 196 483 209 183 484 199 195 485 197 197 486 208 185 487 198 196 488 196 159 489 207 187 490 197 197 491 150 198 492 205 189 493 152 188 494 195 199 495 204 190 496 205 189 497 194 200 498 203 191 499 204 190 500 193 201 501 202 192 502 203 191 503 192 202 504 201 194 505 202 192 506 190 203 507 201 194 508 191 204 509 189 205 510 200 193 511 190 203 512 188 206 513 199 195 514 189 205 515 187 207 516 198 196 517 188 206 518 186 157 519 197 197 520 187 207 521 148 208 522 195 199 523 150 198 524 185 209 525 194 200 526 195 199 527 184 210 528 193 201 529 194 200 530 183 211 531 192 202 532 193 201 533 182 212 534 191 204 535 192 202 536 180 213 537 191 204 538 181 214 539 179 215 540 190 203 541 180 213 542 178 216 543 189 205 544 179 215 545 177 217 546 188 206 547 178 216 548 176 156 549 187 207 550 177 217 551 175 218 552 148 208 553 146 219 554 174 220 555 185 209 556 175 218 557 173 221 558 184 210 559 174 220 560 172 222 561 183 211 562 173 221 563 171 223 564 182 212 565 172 222 566 170 224 567 181 214 568 171 223 569 170 224 570 179 215 571 180 213 572 169 225 573 178 216 574 179 215 575 168 226 576 177 217 577 178 216 578 167 227 579 176 156 580 177 217 581 156 172 582 146 219 583 144 169 584 157 174 585 175 218 586 156 172 587 158 176 588 174 220 589 157 174 590 159 178 591 173 221 592 158 176 593 160 180 594 172 222 595 159 178 596 161 179 597 171 223 598 160 180 599 161 179 600 169 225 601 170 224 602 162 182 603 168 226 604 169 225 605 163 184 606 167 227 607 168 226 608 164 186 609 166 154 610 167 227 611 224 228 612 219 229 613 225 230 614 219 231 615 226 232 616 225 233 617 223 234 618 227 235 619 226 236 620 221 237 621 224 238 622 227 239 623 219 240 624 221 240 625 223 241 626 227 239 627 216 242 628 220 243 629 222 9 630 227 235 631 220 9 632 225 233 633 222 244 634 218 245 635 224 228 636 218 246 637 216 247 638 239 248 639 232 249 640 236 250 641 236 251 642 231 252 643 237 253 644 230 254 645 231 255 646 232 256 647 233 257 648 228 258 649 229 259 650 231 260 651 238 261 652 237 262 653 229 263 654 239 248 655 233 264 656 238 261 657 228 265 658 234 266 659 234 267 660 239 268 661 238 9 662 239 269 663 237 270 664 238 271 665 228 272 666 230 273 667 229 274 668 251 275 669 244 276 670 248 250 671 248 277 672 243 278 673 249 279 674 242 280 675 243 280 676 244 280 677 245 281 678 240 282 679 241 283 680 243 284 681 250 285 682 249 286 683 241 287 684 251 275 685 245 264 686 250 285 687 240 288 688 246 289 689 246 290 690 251 268 691 250 9 692 251 269 693 249 291 694 250 292 695 240 272 696 242 273 697 241 274 698 263 293 699 256 294 700 254 295 701 260 296 702 255 297 703 256 298 704 255 299 705 254 299 706 256 280 707 252 300 708 257 301 709 253 302 710 262 303 711 255 304 712 261 305 713 253 306 714 263 293 715 254 295 716 252 307 717 262 303 718 258 308 719 263 309 720 258 310 721 262 311 722 261 312 723 263 313 724 262 314 725 253 315 726 259 316 727 252 317 728 360 464 957 363 465 958 362 466 959 362 466 960 365 467 961 364 468 962 365 467 963 366 469 964 364 468 965 366 469 966 369 470 967 368 471 968 369 470 969 370 472 970 368 471 971 371 473 972 360 464 973 370 472 974 372 474 975 375 475 976 374 476 977 375 475 978 376 477 979 374 476 980 376 477 981 379 478 982 378 479 983 379 478 984 380 480 985 378 479 986 382 481 987 385 482 988 383 483 989 386 484 990 385 482 991 384 485 992 386 484 993 389 486 994 387 487 995 390 488 996 389 486 997 388 489 998 372 490 999 384 491 1000 382 492 1001 373 493 1002 385 494 1003 375 495 1004 376 496 1005 384 491 1006 374 497 1007 377 498 1008 385 494 1009 387 499 1010 376 496 1011 388 500 1012 386 501 1013 377 498 1014 389 502 1015 379 503 1016 380 504 1017 388 500 1018 378 505 1019 381 506 1020 389 502 1021 391 507 1022 488 654 1251 491 655 1252 490 656 1253 490 656 1254 493 657 1255 492 658 1256 493 657 1257 494 659 1258 492 658 1259 494 659 1260 497 660 1261 496 661 1262 497 660 1263 498 662 1264 496 661 1265 499 663 1266 488 654 1267 498 662 1268 500 664 1269 503 665 1270 502 666 1271 503 665 1272 504 667 1273 502 666 1274 504 667 1275 507 668 1276 506 669 1277 507 668 1278 508 670 1279 506 669 1280 510 671 1281 513 672 1282 511 673 1283 514 674 1284 513 672 1285 512 675 1286 514 674 1287 517 676 1288 515 677 1289 518 678 1290 517 676 1291 516 679 1292 500 680 1293 512 681 1294 510 16 1295 501 682 1296 513 683 1297 503 684 1298 504 685 1299 512 681 1300 502 686 1301 505 687 1302 513 683 1303 515 688 1304 506 689 1305 514 690 1306 504 685 1307 505 687 1308 517 691 1309 507 692 1310 508 693 1311 516 694 1312 506 689 1313 509 695 1314 517 691 1315 519 696 1316 616 844 1545 619 845 1546 618 846 1547 618 846 1548 621 847 1549 620 848 1550 621 847 1551 622 849 1552 620 848 1553 622 849 1554 625 850 1555 624 851 1556 625 850 1557 626 852 1558 624 851 1559 627 853 1560 616 844 1561 626 852 1562 628 854 1563 631 855 1564 630 856 1565 631 855 1566 632 857 1567 630 856 1568 632 857 1569 635 858 1570 634 859 1571 635 858 1572 636 860 1573 634 859 1574 638 861 1575 641 862 1576 639 863 1577 642 864 1578 641 862 1579 640 865 1580 642 864 1581 645 866 1582 643 867 1583 646 868 1584 645 866 1585 644 869 1586 628 870 1587 640 871 1588 638 16 1589 629 872 1590 641 873 1591 631 874 1592 632 875 1593 640 871 1594 630 876 1595 633 877 1596 641 873 1597 643 878 1598 632 875 1599 644 879 1600 642 880 1601 633 877 1602 645 881 1603 635 882 1604 636 883 1605 644 879 1606 634 884 1607 637 885 1608 645 881 1609 647 886 1610 656 887 1611 651 888 1612 657 889 1613 651 890 1614 658 891 1615 657 892 1616 655 893 1617 659 894 1618 658 895 1619 653 896 1620 656 897 1621 659 898 1622 651 899 1623 653 899 1624 655 900 1625 659 898 1626 648 238 1627 652 901 1628 654 902 1629 659 894 1630 652 903 1631 657 892 1632 654 244 1633 650 245 1634 656 887 1635 650 904 1636 648 905 1637 671 906 1638 664 907 1639 668 908 1640 668 909 1641 663 910 1642 669 911 1643 662 255 1644 663 255 1645 664 255 1646 665 300 1647 660 912 1648 661 913 1649 663 260 1650 670 261 1651 669 262 1652 661 914 1653 671 906 1654 665 915 1655 670 261 1656 660 265 1657 666 266 1658 666 916 1659 671 917 1660 670 918 1661 671 919 1662 669 920 1663 670 921 1664 660 922 1665 662 923 1666 661 924 1667 683 925 1668 676 276 1669 680 250 1670 680 926 1671 675 927 1672 681 928 1673 674 280 1674 675 280 1675 676 280 1676 677 281 1677 672 282 1678 673 283 1679 675 284 1680 682 285 1681 681 286 1682 673 929 1683 683 925 1684 677 915 1685 682 285 1686 672 930 1687 678 931 1688 678 932 1689 683 933 1690 682 934 1691 683 919 1692 681 935 1693 682 936 1694 672 922 1695 674 937 1696 673 938 1697 695 939 1698 688 940 1699 686 941 1700 692 942 1701 687 943 1702 688 9 1703 687 944 1704 686 945 1705 688 946 1706 684 302 1707 689 302 1708 685 947 1709 694 948 1710 687 304 1711 693 305 1712 685 949 1713 695 939 1714 686 941 1715 684 950 1716 694 948 1717 690 264 1718 695 951 1719 690 952 1720 694 953 1721 693 313 1722 695 954 1723 694 292 1724 685 955 1725 691 956 1726 684 957 1727 792 1104 1956 795 1105 1957 794 1106 1958 794 1106 1959 797 1107 1960 796 1108 1961 797 1107 1962 798 1109 1963 796 1108 1964 798 1109 1965 801 1110 1966 800 1111 1967 801 1110 1968 802 1112 1969 800 1111 1970 803 1113 1971 792 1104 1972 802 1112 1973 804 1114 1974 807 1115 1975 806 1116 1976 807 1115 1977 808 1117 1978 806 1116 1979 808 1117 1980 811 1118 1981 810 1119 1982 811 1118 1983 812 1120 1984 810 1119 1985 814 1121 1986 817 1122 1987 815 1123 1988 818 1124 1989 817 1122 1990 816 1125 1991 818 1124 1992 821 1126 1993 819 1127 1994 822 1128 1995 821 1126 1996 820 1129 1997 804 1130 1998 816 1131 1999 814 1132 2000 805 1133 2001 817 1134 2002 807 1135 2003 808 1136 2004 816 1131 2005 806 1137 2006 809 1138 2007 817 1134 2008 819 1139 2009 808 1136 2010 820 1140 2011 818 1141 2012 809 1138 2013 821 1142 2014 811 1143 2015 812 1144 2016 820 1140 2017 810 1145 2018 813 1146 2019 821 1142 2020 823 507 2021 920 1293 2250 923 1294 2251 922 1295 2252 922 1295 2253 925 1296 2254 924 1297 2255 925 1296 2256 926 1298 2257 924 1297 2258 926 1298 2259 929 1299 2260 928 1300 2261 929 1299 2262 930 1301 2263 928 1300 2264 931 1302 2265 920 1293 2266 930 1301 2267 932 1303 2268 935 1304 2269 934 1305 2270 935 1304 2271 936 1306 2272 934 1305 2273 936 1306 2274 939 1307 2275 938 1308 2276 939 1307 2277 940 1309 2278 938 1308 2279 942 1310 2280 945 1311 2281 943 1312 2282 946 1313 2283 945 1311 2284 944 1314 2285 946 1313 2286 949 1315 2287 947 1316 2288 950 1317 2289 949 1315 2290 948 1318 2291 932 1319 2292 944 1320 2293 942 16 2294 933 1321 2295 945 1322 2296 935 1323 2297 936 1324 2298 944 1320 2299 934 1325 2300 937 1326 2301 945 1322 2302 947 1327 2303 938 1328 2304 946 1329 2305 936 1324 2306 937 1326 2307 949 1330 2308 939 1331 2309 940 1332 2310 948 1333 2311 938 1328 2312 941 1334 2313 949 1330 2314 951 1335 2315 1048 1483 2544 1051 1484 2545 1050 1485 2546 1050 1485 2547 1053 1486 2548 1052 1487 2549 1053 1486 2550 1054 1488 2551 1052 1487 2552 1054 1488 2553 1057 1489 2554 1056 1490 2555 1057 1489 2556 1058 1491 2557 1056 1490 2558 1059 1492 2559 1048 1483 2560 1058 1491 2561 1060 1493 2562 1063 1494 2563 1062 1495 2564 1063 1494 2565 1064 1496 2566 1062 1495 2567 1064 1496 2568 1067 1497 2569 1066 1498 2570 1067 1497 2571 1068 1499 2572 1066 1498 2573 1070 1500 2574 1073 1501 2575 1071 1502 2576 1074 1503 2577 1073 1501 2578 1072 1504 2579 1074 1503 2580 1077 1505 2581 1075 1506 2582 1078 1507 2583 1077 1505 2584 1076 1508 2585 1060 1509 2586 1072 1510 2587 1070 16 2588 1061 1511 2589 1073 1512 2590 1063 1513 2591 1064 1514 2592 1072 1510 2593 1062 1515 2594 1065 1516 2595 1073 1512 2596 1075 1517 2597 1064 1514 2598 1076 1518 2599 1074 1519 2600 1065 1516 2601 1077 1520 2602 1067 1521 2603 1068 1522 2604 1076 1518 2605 1066 1523 2606 1069 1524 2607 1077 1520 2608 1079 886 2609 21 0 2610 1 13 2611 3 1 2612 22 2 2613 3 1 2614 5 3 2615 5 3 2616 7 6 2617 42 5 2618 7 6 2619 9 11 2620 52 7 2621 5 10 2622 3 1525 2623 1 8 2624 1 8 2625 11 9 2626 9 9 2627 9 9 2628 7 9 2629 5 10 2630 9 11 2631 11 1526 2632 62 12 2633 62 12 2634 11 1526 2635 1 13 2636 10 16 2637 0 16 2638 2 14 2639 2 14 2640 4 1527 2641 6 15 2642 6 15 2643 8 16 2644 10 16 2645 71 17 2646 12 21 2647 0 18 2648 70 20 2649 13 23 2650 12 21 2651 69 22 2652 14 25 2653 13 23 2654 68 24 2655 15 27 2656 14 25 2657 67 26 2658 16 29 2659 15 27 2660 67 26 2661 66 30 2662 17 28 2663 66 30 2664 65 32 2665 18 31 2666 65 32 2667 64 34 2668 19 33 2669 64 34 2670 63 36 2671 20 35 2672 63 36 2673 62 12 2674 21 0 2675 8 37 2676 61 38 2677 71 17 2678 61 38 2679 60 39 2680 70 20 2681 60 39 2682 59 40 2683 69 22 2684 59 40 2685 58 41 2686 68 24 2687 58 41 2688 57 43 2689 67 26 2690 56 42 2691 66 30 2692 67 26 2693 55 44 2694 65 32 2695 66 30 2696 54 45 2697 64 34 2698 65 32 2699 53 46 2700 63 36 2701 64 34 2702 52 7 2703 62 12 2704 63 36 2705 6 47 2706 51 48 2707 61 38 2708 51 48 2709 50 49 2710 60 39 2711 50 49 2712 49 50 2713 59 40 2714 49 50 2715 48 51 2716 58 41 2717 48 51 2718 47 53 2719 57 43 2720 46 52 2721 56 42 2722 57 43 2723 45 54 2724 55 44 2725 56 42 2726 44 55 2727 54 45 2728 55 44 2729 43 56 2730 53 46 2731 54 45 2732 42 5 2733 52 7 2734 53 46 2735 4 57 2736 41 58 2737 51 48 2738 41 58 2739 40 59 2740 50 49 2741 40 59 2742 39 60 2743 49 50 2744 39 60 2745 38 61 2746 48 51 2747 38 61 2748 37 63 2749 47 53 2750 36 62 2751 46 52 2752 47 53 2753 35 64 2754 45 54 2755 46 52 2756 34 65 2757 44 55 2758 45 54 2759 33 66 2760 43 56 2761 44 55 2762 32 4 2763 42 5 2764 43 56 2765 31 67 2766 41 58 2767 4 57 2768 30 69 2769 40 59 2770 41 58 2771 29 70 2772 39 60 2773 40 59 2774 28 71 2775 38 61 2776 39 60 2777 27 72 2778 37 63 2779 38 61 2780 26 73 2781 36 62 2782 37 63 2783 26 73 2784 25 74 2785 35 64 2786 25 74 2787 24 75 2788 34 65 2789 24 75 2790 23 76 2791 33 66 2792 23 76 2793 22 2 2794 32 4 2795 12 21 2796 31 67 2797 2 68 2798 13 23 2799 30 69 2800 31 67 2801 14 25 2802 29 70 2803 30 69 2804 15 27 2805 28 71 2806 29 70 2807 16 29 2808 27 72 2809 28 71 2810 17 28 2811 26 73 2812 27 72 2813 17 28 2814 18 31 2815 25 74 2816 18 31 2817 19 33 2818 24 75 2819 19 33 2820 20 35 2821 23 76 2822 20 35 2823 21 0 2824 22 2 2825 93 77 2826 73 88 2827 75 78 2828 94 79 2829 75 78 2830 77 80 2831 77 80 2832 79 83 2833 114 82 2834 79 83 2835 81 86 2836 124 84 2837 77 9 2838 75 1528 2839 81 85 2840 75 1528 2841 73 1529 2842 81 85 2843 73 1529 2844 83 1530 2845 81 85 2846 81 86 2847 83 1531 2848 134 87 2849 134 87 2850 83 1531 2851 73 88 2852 82 91 2853 72 16 2854 74 16 2855 74 16 2856 76 1532 2857 82 91 2858 76 1532 2859 78 89 2860 82 91 2861 143 92 2862 84 96 2863 72 93 2864 142 95 2865 85 98 2866 84 96 2867 141 97 2868 86 100 2869 85 98 2870 140 99 2871 87 102 2872 86 100 2873 139 101 2874 88 104 2875 87 102 2876 139 101 2877 138 105 2878 89 103 2879 138 105 2880 137 107 2881 90 106 2882 137 107 2883 136 109 2884 91 108 2885 136 109 2886 135 111 2887 92 110 2888 135 111 2889 134 87 2890 93 77 2891 80 112 2892 133 113 2893 143 92 2894 133 113 2895 132 114 2896 142 95 2897 132 114 2898 131 115 2899 141 97 2900 131 115 2901 130 116 2902 140 99 2903 130 116 2904 129 118 2905 139 101 2906 128 117 2907 138 105 2908 139 101 2909 127 119 2910 137 107 2911 138 105 2912 126 120 2913 136 109 2914 137 107 2915 125 121 2916 135 111 2917 136 109 2918 124 84 2919 134 87 2920 135 111 2921 78 122 2922 123 123 2923 133 113 2924 123 123 2925 122 124 2926 132 114 2927 122 124 2928 121 125 2929 131 115 2930 121 125 2931 120 126 2932 130 116 2933 120 126 2934 119 128 2935 129 118 2936 118 127 2937 128 117 2938 129 118 2939 117 129 2940 127 119 2941 128 117 2942 116 130 2943 126 120 2944 127 119 2945 115 131 2946 125 121 2947 126 120 2948 114 82 2949 124 84 2950 125 121 2951 76 132 2952 113 133 2953 123 123 2954 113 133 2955 112 134 2956 122 124 2957 112 134 2958 111 135 2959 121 125 2960 111 135 2961 110 136 2962 120 126 2963 110 136 2964 109 138 2965 119 128 2966 108 137 2967 118 127 2968 119 128 2969 107 139 2970 117 129 2971 118 127 2972 106 140 2973 116 130 2974 117 129 2975 105 141 2976 115 131 2977 116 130 2978 104 81 2979 114 82 2980 115 131 2981 103 142 2982 113 133 2983 76 132 2984 102 144 2985 112 134 2986 113 133 2987 101 145 2988 111 135 2989 112 134 2990 100 146 2991 110 136 2992 111 135 2993 99 147 2994 109 138 2995 110 136 2996 98 148 2997 108 137 2998 109 138 2999 98 148 3000 97 149 3001 107 139 3002 97 149 3003 96 150 3004 106 140 3005 96 150 3006 95 151 3007 105 141 3008 95 151 3009 94 79 3010 104 81 3011 84 96 3012 103 142 3013 74 143 3014 85 98 3015 102 144 3016 103 142 3017 86 100 3018 101 145 3019 102 144 3020 87 102 3021 100 146 3022 101 145 3023 88 104 3024 99 147 3025 100 146 3026 89 103 3027 98 148 3028 99 147 3029 89 103 3030 90 106 3031 97 149 3032 90 106 3033 91 108 3034 96 150 3035 91 108 3036 92 110 3037 95 151 3038 92 110 3039 93 77 3040 94 79 3041 165 152 3042 145 165 3043 147 153 3044 166 154 3045 147 153 3046 149 155 3047 149 155 3048 151 158 3049 186 157 3050 151 158 3051 153 163 3052 196 159 3053 149 161 3054 147 1533 3055 145 162 3056 145 162 3057 155 1530 3058 153 1534 3059 153 1534 3060 151 160 3061 145 162 3062 153 163 3063 155 1535 3064 206 164 3065 206 164 3066 155 1535 3067 145 165 3068 154 167 3069 144 1536 3070 150 166 3071 144 1536 3072 146 1537 3073 150 166 3074 146 1537 3075 148 1538 3076 150 166 3077 215 168 3078 156 172 3079 144 169 3080 214 171 3081 157 174 3082 156 172 3083 213 173 3084 158 176 3085 157 174 3086 212 175 3087 159 178 3088 158 176 3089 211 177 3090 160 180 3091 159 178 3092 211 177 3093 210 181 3094 161 179 3095 210 181 3096 209 183 3097 162 182 3098 209 183 3099 208 185 3100 163 184 3101 208 185 3102 207 187 3103 164 186 3104 207 187 3105 206 164 3106 165 152 3107 152 188 3108 205 189 3109 215 168 3110 205 189 3111 204 190 3112 214 171 3113 204 190 3114 203 191 3115 213 173 3116 203 191 3117 202 192 3118 212 175 3119 202 192 3120 201 194 3121 211 177 3122 200 193 3123 210 181 3124 211 177 3125 199 195 3126 209 183 3127 210 181 3128 198 196 3129 208 185 3130 209 183 3131 197 197 3132 207 187 3133 208 185 3134 196 159 3135 206 164 3136 207 187 3137 150 198 3138 195 199 3139 205 189 3140 195 199 3141 194 200 3142 204 190 3143 194 200 3144 193 201 3145 203 191 3146 193 201 3147 192 202 3148 202 192 3149 192 202 3150 191 204 3151 201 194 3152 190 203 3153 200 193 3154 201 194 3155 189 205 3156 199 195 3157 200 193 3158 188 206 3159 198 196 3160 199 195 3161 187 207 3162 197 197 3163 198 196 3164 186 157 3165 196 159 3166 197 197 3167 148 208 3168 185 209 3169 195 199 3170 185 209 3171 184 210 3172 194 200 3173 184 210 3174 183 211 3175 193 201 3176 183 211 3177 182 212 3178 192 202 3179 182 212 3180 181 214 3181 191 204 3182 180 213 3183 190 203 3184 191 204 3185 179 215 3186 189 205 3187 190 203 3188 178 216 3189 188 206 3190 189 205 3191 177 217 3192 187 207 3193 188 206 3194 176 156 3195 186 157 3196 187 207 3197 175 218 3198 185 209 3199 148 208 3200 174 220 3201 184 210 3202 185 209 3203 173 221 3204 183 211 3205 184 210 3206 172 222 3207 182 212 3208 183 211 3209 171 223 3210 181 214 3211 182 212 3212 170 224 3213 180 213 3214 181 214 3215 170 224 3216 169 225 3217 179 215 3218 169 225 3219 168 226 3220 178 216 3221 168 226 3222 167 227 3223 177 217 3224 167 227 3225 166 154 3226 176 156 3227 156 172 3228 175 218 3229 146 219 3230 157 174 3231 174 220 3232 175 218 3233 158 176 3234 173 221 3235 174 220 3236 159 178 3237 172 222 3238 173 221 3239 160 180 3240 171 223 3241 172 222 3242 161 179 3243 170 224 3244 171 223 3245 161 179 3246 162 182 3247 169 225 3248 162 182 3249 163 184 3250 168 226 3251 163 184 3252 164 186 3253 167 227 3254 164 186 3255 165 152 3256 166 154 3257 224 228 3258 217 1539 3259 219 229 3260 219 231 3261 223 1540 3262 226 232 3263 223 234 3264 221 1541 3265 227 235 3266 221 237 3267 217 1542 3268 224 238 3269 219 240 3270 217 900 3271 221 240 3272 227 239 3273 224 238 3274 216 242 3275 222 9 3276 226 236 3277 227 235 3278 225 233 3279 226 232 3280 222 244 3281 224 228 3282 225 230 3283 218 246 3284 239 248 3285 230 1543 3286 232 249 3287 236 251 3288 232 9 3289 231 252 3290 230 254 3291 235 255 3292 231 255 3293 233 257 3294 234 1544 3295 228 258 3296 231 260 3297 235 1545 3298 238 261 3299 229 263 3300 230 1543 3301 239 248 3302 238 261 3303 235 1545 3304 228 265 3305 234 267 3306 233 1546 3307 239 268 3308 239 269 3309 236 314 3310 237 270 3311 228 272 3312 235 16 3313 230 273 3314 251 275 3315 242 1547 3316 244 276 3317 248 277 3318 244 9 3319 243 278 3320 242 280 3321 247 280 3322 243 280 3323 245 281 3324 246 302 3325 240 282 3326 243 284 3327 247 1548 3328 250 285 3329 241 287 3330 242 1547 3331 251 275 3332 250 285 3333 247 1548 3334 240 288 3335 246 290 3336 245 1549 3337 251 268 3338 251 269 3339 248 314 3340 249 291 3341 240 272 3342 247 16 3343 242 273 3344 263 293 3345 260 1550 3346 256 294 3347 260 296 3348 261 1551 3349 255 297 3350 255 299 3351 259 280 3352 254 299 3353 252 300 3354 258 283 3355 257 301 3356 262 303 3357 259 1552 3358 255 304 3359 253 306 3360 257 1553 3361 263 293 3362 252 307 3363 259 1552 3364 262 303 3365 263 309 3366 257 9 3367 258 310 3368 261 312 3369 260 292 3370 263 313 3371 253 315 3372 254 16 3373 259 316 3374 360 464 3651 361 1584 3652 363 465 3653 362 466 3654 363 465 3655 365 467 3656 365 467 3657 367 1585 3658 366 469 3659 366 469 3660 367 1585 3661 369 470 3662 369 470 3663 371 473 3664 370 472 3665 371 473 3666 361 1584 3667 360 464 3668 372 474 3669 373 1586 3670 375 475 3671 375 475 3672 377 1587 3673 376 477 3674 376 477 3675 377 1587 3676 379 478 3677 379 478 3678 381 1588 3679 380 480 3680 382 481 3681 384 485 3682 385 482 3683 386 484 3684 387 487 3685 385 482 3686 386 484 3687 388 489 3688 389 486 3689 390 488 3690 391 1589 3691 389 486 3692 372 490 3693 374 497 3694 384 491 3695 373 493 3696 383 1590 3697 385 494 3698 376 496 3699 386 501 3700 384 491 3701 377 498 3702 375 495 3703 385 494 3704 376 496 3705 378 505 3706 388 500 3707 377 498 3708 387 499 3709 389 502 3710 380 504 3711 390 1591 3712 388 500 3713 381 506 3714 379 503 3715 389 502 3716 488 654 3993 489 1622 3994 491 655 3995 490 656 3996 491 655 3997 493 657 3998 493 657 3999 495 1623 4000 494 659 4001 494 659 4002 495 1623 4003 497 660 4004 497 660 4005 499 663 4006 498 662 4007 499 663 4008 489 1622 4009 488 654 4010 500 664 4011 501 1624 4012 503 665 4013 503 665 4014 505 1625 4015 504 667 4016 504 667 4017 505 1625 4018 507 668 4019 507 668 4020 509 1626 4021 508 670 4022 510 671 4023 512 675 4024 513 672 4025 514 674 4026 515 677 4027 513 672 4028 514 674 4029 516 679 4030 517 676 4031 518 678 4032 519 1627 4033 517 676 4034 500 680 4035 502 686 4036 512 681 4037 501 682 4038 511 1628 4039 513 683 4040 504 685 4041 514 690 4042 512 681 4043 505 687 4044 503 684 4045 513 683 4046 506 689 4047 516 694 4048 514 690 4049 505 687 4050 515 688 4051 517 691 4052 508 693 4053 518 16 4054 516 694 4055 509 695 4056 507 692 4057 517 691 4058 616 844 4335 617 1657 4336 619 845 4337 618 846 4338 619 845 4339 621 847 4340 621 847 4341 623 1658 4342 622 849 4343 622 849 4344 623 1658 4345 625 850 4346 625 850 4347 627 853 4348 626 852 4349 627 853 4350 617 1657 4351 616 844 4352 628 854 4353 629 1659 4354 631 855 4355 631 855 4356 633 1660 4357 632 857 4358 632 857 4359 633 1660 4360 635 858 4361 635 858 4362 637 1626 4363 636 860 4364 638 861 4365 640 865 4366 641 862 4367 642 864 4368 643 867 4369 641 862 4370 642 864 4371 644 869 4372 645 866 4373 646 868 4374 647 1661 4375 645 866 4376 628 870 4377 630 876 4378 640 871 4379 629 872 4380 639 1662 4381 641 873 4382 632 875 4383 642 880 4384 640 871 4385 633 877 4386 631 874 4387 641 873 4388 632 875 4389 634 884 4390 644 879 4391 633 877 4392 643 878 4393 645 881 4394 636 883 4395 646 16 4396 644 879 4397 637 885 4398 635 882 4399 645 881 4400 656 887 4401 649 1663 4402 651 888 4403 651 890 4404 655 1664 4405 658 891 4406 655 893 4407 653 9 4408 659 894 4409 653 896 4410 649 896 4411 656 897 4412 651 899 4413 649 1665 4414 653 899 4415 659 898 4416 656 897 4417 648 238 4418 654 902 4419 658 895 4420 659 894 4421 657 892 4422 658 891 4423 654 244 4424 656 887 4425 657 889 4426 650 904 4427 671 906 4428 662 1666 4429 664 907 4430 668 909 4431 664 9 4432 663 910 4433 662 255 4434 667 255 4435 663 255 4436 665 300 4437 666 1667 4438 660 912 4439 663 260 4440 667 1545 4441 670 261 4442 661 914 4443 662 1666 4444 671 906 4445 670 261 4446 667 1545 4447 660 265 4448 666 916 4449 665 1668 4450 671 917 4451 671 919 4452 668 1669 4453 669 920 4454 660 922 4455 667 16 4456 662 923 4457 683 925 4458 674 1670 4459 676 276 4460 680 926 4461 676 9 4462 675 927 4463 674 280 4464 679 280 4465 675 280 4466 677 281 4467 678 302 4468 672 282 4469 675 284 4470 679 1671 4471 682 285 4472 673 929 4473 674 1670 4474 683 925 4475 682 285 4476 679 1671 4477 672 930 4478 678 932 4479 677 1546 4480 683 933 4481 683 919 4482 680 1672 4483 681 935 4484 672 922 4485 679 16 4486 674 937 4487 695 939 4488 692 1550 4489 688 940 4490 692 942 4491 693 1673 4492 687 943 4493 687 944 4494 691 255 4495 686 945 4496 684 302 4497 690 302 4498 689 302 4499 694 948 4500 691 1674 4501 687 304 4502 685 949 4503 689 266 4504 695 939 4505 684 950 4506 691 1674 4507 694 948 4508 695 951 4509 689 9 4510 690 952 4511 693 313 4512 692 936 4513 695 954 4514 685 955 4515 686 1675 4516 691 956 4517 792 1104 4794 793 1706 4795 795 1105 4796 794 1106 4797 795 1105 4798 797 1107 4799 797 1107 4800 799 1707 4801 798 1109 4802 798 1109 4803 799 1707 4804 801 1110 4805 801 1110 4806 803 1113 4807 802 1112 4808 803 1113 4809 793 1706 4810 792 1104 4811 804 1114 4812 805 1708 4813 807 1115 4814 807 1115 4815 809 1709 4816 808 1117 4817 808 1117 4818 809 1709 4819 811 1118 4820 811 1118 4821 813 1710 4822 812 1120 4823 814 1121 4824 816 1125 4825 817 1122 4826 818 1124 4827 819 1127 4828 817 1122 4829 818 1124 4830 820 1129 4831 821 1126 4832 822 1128 4833 823 1711 4834 821 1126 4835 804 1130 4836 806 1137 4837 816 1131 4838 805 1133 4839 815 1712 4840 817 1134 4841 808 1136 4842 818 1141 4843 816 1131 4844 809 1138 4845 807 1135 4846 817 1134 4847 808 1136 4848 810 1145 4849 820 1140 4850 809 1138 4851 819 1139 4852 821 1142 4853 812 1144 4854 822 1713 4855 820 1140 4856 813 1146 4857 811 1143 4858 821 1142 4859 920 1293 5136 921 1744 5137 923 1294 5138 922 1295 5139 923 1294 5140 925 1296 5141 925 1296 5142 927 1745 5143 926 1298 5144 926 1298 5145 927 1745 5146 929 1299 5147 929 1299 5148 931 1302 5149 930 1301 5150 931 1302 5151 921 1744 5152 920 1293 5153 932 1303 5154 933 1746 5155 935 1304 5156 935 1304 5157 937 1747 5158 936 1306 5159 936 1306 5160 937 1747 5161 939 1307 5162 939 1307 5163 941 1748 5164 940 1309 5165 942 1310 5166 944 1314 5167 945 1311 5168 946 1313 5169 947 1316 5170 945 1311 5171 946 1313 5172 948 1318 5173 949 1315 5174 950 1317 5175 951 1749 5176 949 1315 5177 932 1319 5178 934 1325 5179 944 1320 5180 933 1321 5181 943 1628 5182 945 1322 5183 936 1324 5184 946 1329 5185 944 1320 5186 937 1326 5187 935 1323 5188 945 1322 5189 938 1328 5190 948 1333 5191 946 1329 5192 937 1326 5193 947 1327 5194 949 1330 5195 940 1332 5196 950 16 5197 948 1333 5198 941 1334 5199 939 1331 5200 949 1330 5201 1048 1483 5478 1049 1778 5479 1051 1484 5480 1050 1485 5481 1051 1484 5482 1053 1486 5483 1053 1486 5484 1055 1779 5485 1054 1488 5486 1054 1488 5487 1055 1779 5488 1057 1489 5489 1057 1489 5490 1059 1492 5491 1058 1491 5492 1059 1492 5493 1049 1778 5494 1048 1483 5495 1060 1493 5496 1061 1780 5497 1063 1494 5498 1063 1494 5499 1065 1781 5500 1064 1496 5501 1064 1496 5502 1065 1781 5503 1067 1497 5504 1067 1497 5505 1069 1748 5506 1068 1499 5507 1070 1500 5508 1072 1504 5509 1073 1501 5510 1074 1503 5511 1075 1506 5512 1073 1501 5513 1074 1503 5514 1076 1508 5515 1077 1505 5516 1078 1507 5517 1079 1782 5518 1077 1505 5519 1060 1509 5520 1062 1515 5521 1072 1510 5522 1061 1511 5523 1071 1783 5524 1073 1512 5525 1064 1514 5526 1074 1519 5527 1072 1510 5528 1065 1516 5529 1063 1513 5530 1073 1512 5531 1064 1514 5532 1066 1523 5533 1076 1518 5534 1065 1516 5535 1075 1517 5536 1077 1520 5537 1068 1522 5538 1078 16 5539 1076 1518 5540 1069 1524 5541 1067 1521 5542 1077 1520 5543</p>
        </triangles>
        <triangles material="izolator-material" count="1008">
          <input semantic="VERTEX" source="#Cylinder_004-mesh-vertices" offset="0"/>
          <input semantic="NORMAL" source="#Cylinder_004-mesh-normals" offset="1"/>
          <input semantic="TEXCOORD" source="#Cylinder_004-mesh-map-0" offset="2" set="1"/>
          <p>265 318 729 281 319 730 280 320 731 281 319 732 269 321 733 282 322 734 269 321 735 283 323 736 282 322 737 271 324 738 284 325 739 283 323 740 273 326 741 285 327 742 284 325 743 285 327 744 277 328 745 286 329 746 269 330 747 288 331 748 290 332 749 277 328 750 287 333 751 286 329 752 279 334 753 280 320 754 287 333 755 270 335 756 274 336 757 278 337 758 278 338 759 280 339 760 264 340 761 276 341 762 287 342 763 278 338 764 274 343 765 286 344 766 276 341 767 272 345 768 285 346 769 274 343 770 283 347 771 272 345 772 270 348 773 282 349 774 270 348 775 268 350 776 281 351 777 268 350 778 266 352 779 280 339 780 266 352 781 264 340 782 275 353 783 292 354 784 293 355 785 265 356 786 295 357 787 289 358 788 265 356 789 288 331 790 267 359 791 271 360 792 290 332 793 291 361 794 275 353 795 294 362 796 277 363 797 271 360 798 292 354 799 273 364 800 277 363 801 295 357 802 279 365 803 297 366 804 313 367 805 312 368 806 299 369 807 314 370 808 313 367 809 301 371 810 315 372 811 314 370 812 315 372 813 305 373 814 316 374 815 305 373 816 317 375 817 316 374 818 317 375 819 309 376 820 318 377 821 301 378 822 320 379 823 322 380 824 318 377 825 311 381 826 319 382 827 311 381 828 312 368 829 319 382 830 308 383 831 310 384 832 302 385 833 310 386 834 312 387 835 296 388 836 308 389 837 319 390 838 310 386 839 317 391 840 308 389 841 306 392 842 316 393 843 306 392 844 304 394 845 315 395 846 304 394 847 302 396 848 300 397 849 315 395 850 302 396 851 313 398 852 300 397 853 298 399 854 312 387 855 298 399 856 296 388 857 307 400 858 324 401 859 325 402 860 297 403 861 327 404 862 321 405 863 297 403 864 320 379 865 299 406 866 301 378 867 323 407 868 303 408 869 309 409 870 325 402 871 326 410 872 305 411 873 323 407 874 324 401 875 309 409 876 327 404 877 311 412 878 329 413 879 345 414 880 344 415 881 331 416 882 346 417 883 345 414 884 333 418 885 347 419 886 346 417 887 335 420 888 348 421 889 347 419 890 348 421 891 339 422 892 349 423 893 339 422 894 350 424 895 349 423 896 331 425 897 354 426 898 333 427 899 350 424 900 343 428 901 351 429 902 351 429 903 329 413 904 344 415 905 340 430 906 342 431 907 334 432 908 351 433 909 328 434 910 342 435 911 350 436 912 342 435 913 340 437 914 349 438 915 340 437 916 338 439 917 336 440 918 349 438 919 338 439 920 334 441 921 348 442 922 336 440 923 332 443 924 347 444 925 334 441 926 330 445 927 346 446 928 332 443 929 328 434 930 345 447 931 330 445 932 337 448 933 357 449 934 339 450 935 343 451 936 353 452 937 329 453 938 331 425 939 353 452 940 352 454 941 333 427 942 355 455 943 335 456 944 341 457 945 357 449 946 358 458 947 337 448 948 355 455 949 356 459 950 343 451 951 358 458 952 359 460 953 289 461 954 294 462 955 292 463 956 408 508 1023 395 509 1024 409 510 1025 395 509 1026 410 511 1027 409 510 1028 397 512 1029 411 513 1030 410 511 1031 399 514 1032 412 515 1033 411 513 1034 412 515 1035 403 516 1036 413 517 1037 413 517 1038 405 518 1039 414 519 1040 397 520 1041 416 521 1042 418 522 1043 414 519 1044 407 523 1045 415 524 1046 407 523 1047 408 508 1048 415 524 1049 398 525 1050 402 526 1051 406 527 1052 406 528 1053 408 529 1054 392 530 1055 414 531 1056 406 528 1057 404 532 1058 413 533 1059 404 532 1060 402 534 1061 400 535 1062 413 533 1063 402 534 1064 411 536 1065 400 535 1066 398 537 1067 410 538 1068 398 537 1069 396 539 1070 409 540 1071 396 539 1072 394 541 1073 408 529 1074 394 541 1075 392 530 1076 403 542 1077 420 543 1078 421 544 1079 393 545 1080 423 546 1081 417 547 1082 393 545 1083 416 521 1084 395 548 1085 399 549 1086 418 522 1087 419 550 1088 403 542 1089 422 551 1090 405 552 1091 399 549 1092 420 543 1093 401 553 1094 405 552 1095 423 546 1096 407 554 1097 425 555 1098 441 556 1099 440 557 1100 427 558 1101 442 559 1102 441 556 1103 429 560 1104 443 561 1105 442 559 1106 443 561 1107 433 562 1108 444 563 1109 433 562 1110 445 564 1111 444 563 1112 445 564 1113 437 565 1114 446 566 1115 429 567 1116 448 568 1117 450 569 1118 446 566 1119 439 570 1120 447 571 1121 447 571 1122 425 555 1123 440 557 1124 436 572 1125 438 573 1126 430 574 1127 438 575 1128 440 576 1129 424 577 1130 436 578 1131 447 579 1132 438 575 1133 434 580 1134 446 581 1135 436 578 1136 432 582 1137 445 583 1138 434 580 1139 430 584 1140 444 585 1141 432 582 1142 428 586 1143 443 587 1144 430 584 1145 441 588 1146 428 586 1147 426 589 1148 440 576 1149 426 589 1150 424 577 1151 433 590 1152 453 591 1153 435 592 1154 425 593 1155 455 594 1156 449 595 1157 425 593 1158 448 568 1159 427 596 1160 429 567 1161 451 597 1162 431 598 1163 437 599 1164 453 591 1165 454 600 1166 431 598 1167 452 601 1168 433 590 1169 437 599 1170 455 594 1171 439 602 1172 457 603 1173 473 604 1174 472 605 1175 459 606 1176 474 607 1177 473 604 1178 461 608 1179 475 609 1180 474 607 1181 463 610 1182 476 611 1183 475 609 1184 476 611 1185 467 612 1186 477 613 1187 467 612 1188 478 614 1189 477 613 1190 459 615 1191 482 616 1192 461 617 1193 478 614 1194 471 618 1195 479 619 1196 479 619 1197 457 603 1198 472 605 1199 468 620 1200 470 621 1201 462 622 1202 479 623 1203 456 624 1204 470 625 1205 478 626 1206 470 625 1207 468 627 1208 477 628 1209 468 627 1210 466 629 1211 464 630 1212 477 628 1213 466 629 1214 462 631 1215 476 632 1216 464 630 1217 460 633 1218 475 634 1219 462 631 1220 458 635 1221 474 636 1222 460 633 1223 456 624 1224 473 637 1225 458 635 1226 465 638 1227 485 639 1228 467 640 1229 471 641 1230 481 642 1231 457 643 1232 457 643 1233 480 644 1234 459 615 1235 461 617 1236 483 645 1237 463 646 1238 469 647 1239 485 639 1240 486 648 1241 465 638 1242 483 645 1243 484 649 1244 471 641 1245 486 648 1246 487 650 1247 417 651 1248 422 652 1249 420 653 1250 521 697 1317 537 698 1318 536 699 1319 523 700 1320 538 701 1321 537 698 1322 525 702 1323 539 703 1324 538 701 1325 527 704 1326 540 705 1327 539 703 1328 540 705 1329 531 706 1330 541 707 1331 541 707 1332 533 708 1333 542 709 1334 525 710 1335 544 711 1336 546 712 1337 542 709 1338 535 713 1339 543 714 1340 535 713 1341 536 699 1342 543 714 1343 526 715 1344 530 716 1345 534 717 1346 534 718 1347 536 719 1348 520 720 1349 532 721 1350 543 722 1351 534 718 1352 530 723 1353 542 724 1354 532 721 1355 528 725 1356 541 726 1357 530 723 1358 539 727 1359 528 725 1360 526 728 1361 538 729 1362 526 728 1363 524 730 1364 537 731 1365 524 730 1366 522 732 1367 536 719 1368 522 732 1369 520 720 1370 531 733 1371 548 734 1372 549 735 1373 521 736 1374 551 737 1375 545 738 1376 521 736 1377 544 711 1378 523 739 1379 527 740 1380 546 712 1381 547 741 1382 531 733 1383 550 742 1384 533 743 1385 527 740 1386 548 734 1387 529 744 1388 533 743 1389 551 737 1390 535 745 1391 553 746 1392 569 747 1393 568 748 1394 555 749 1395 570 750 1396 569 747 1397 557 751 1398 571 752 1399 570 750 1400 571 752 1401 561 753 1402 572 754 1403 561 753 1404 573 755 1405 572 754 1406 573 755 1407 565 756 1408 574 757 1409 557 758 1410 576 759 1411 578 760 1412 574 757 1413 567 761 1414 575 762 1415 575 762 1416 553 746 1417 568 748 1418 564 763 1419 566 764 1420 558 765 1421 566 766 1422 568 767 1423 552 768 1424 564 769 1425 575 770 1426 566 766 1427 573 771 1428 564 769 1429 562 772 1430 572 773 1431 562 772 1432 560 774 1433 558 775 1434 572 773 1435 560 774 1436 556 776 1437 571 777 1438 558 775 1439 569 778 1440 556 776 1441 554 779 1442 568 767 1443 554 779 1444 552 768 1445 563 780 1446 580 781 1447 581 782 1448 553 783 1449 583 784 1450 577 785 1451 553 783 1452 576 759 1453 555 786 1454 557 758 1455 579 787 1456 559 788 1457 565 789 1458 581 782 1459 582 790 1460 559 788 1461 580 781 1462 561 791 1463 567 792 1464 582 790 1465 583 784 1466 585 793 1467 601 794 1468 600 795 1469 587 796 1470 602 797 1471 601 794 1472 589 798 1473 603 799 1474 602 797 1475 591 800 1476 604 801 1477 603 799 1478 604 801 1479 595 802 1480 605 803 1481 595 802 1482 606 804 1483 605 803 1484 587 805 1485 610 806 1486 589 807 1487 606 804 1488 599 808 1489 607 809 1490 607 809 1491 585 793 1492 600 795 1493 596 810 1494 598 811 1495 590 812 1496 607 813 1497 584 814 1498 598 815 1499 606 816 1500 598 815 1501 596 817 1502 605 818 1503 596 817 1504 594 819 1505 592 820 1506 605 818 1507 594 819 1508 590 821 1509 604 822 1510 592 820 1511 588 823 1512 603 824 1513 590 821 1514 586 825 1515 602 826 1516 588 823 1517 584 814 1518 601 827 1519 586 825 1520 593 828 1521 613 829 1522 595 830 1523 599 831 1524 609 832 1525 585 833 1526 587 805 1527 609 832 1528 608 834 1529 589 807 1530 611 835 1531 591 836 1532 597 837 1533 613 829 1534 614 838 1535 593 828 1536 611 835 1537 612 839 1538 599 831 1539 614 838 1540 615 840 1541 545 841 1542 550 842 1543 548 843 1544 697 958 1728 713 959 1729 712 960 1730 713 959 1731 701 961 1732 714 962 1733 701 961 1734 715 963 1735 714 962 1736 703 964 1737 716 965 1738 715 963 1739 705 966 1740 717 967 1741 716 965 1742 717 967 1743 709 968 1744 718 969 1745 701 970 1746 720 971 1747 722 972 1748 709 968 1749 719 973 1750 718 969 1751 711 974 1752 712 960 1753 719 973 1754 702 975 1755 706 976 1756 710 977 1757 710 978 1758 712 979 1759 696 980 1760 708 981 1761 719 982 1762 710 978 1763 706 983 1764 718 984 1765 708 981 1766 704 985 1767 717 986 1768 706 983 1769 715 987 1770 704 985 1771 702 988 1772 714 989 1773 702 988 1774 700 990 1775 713 991 1776 700 990 1777 698 992 1778 712 979 1779 698 992 1780 696 980 1781 707 993 1782 724 994 1783 725 995 1784 697 996 1785 727 997 1786 721 998 1787 697 996 1788 720 971 1789 699 999 1790 703 1000 1791 722 972 1792 723 1001 1793 707 993 1794 726 1002 1795 709 1003 1796 703 1000 1797 724 994 1798 705 1004 1799 709 1003 1800 727 997 1801 711 1005 1802 729 1006 1803 745 1007 1804 744 1008 1805 731 1009 1806 746 1010 1807 745 1007 1808 733 1011 1809 747 1012 1810 746 1010 1811 747 1012 1812 737 1013 1813 748 1014 1814 737 1013 1815 749 1015 1816 748 1014 1817 749 1015 1818 741 1016 1819 750 1017 1820 733 1018 1821 752 1019 1822 754 1020 1823 750 1017 1824 743 1021 1825 751 1022 1826 743 1021 1827 744 1008 1828 751 1022 1829 740 1023 1830 742 1024 1831 734 1025 1832 742 1026 1833 744 1027 1834 728 1028 1835 740 1029 1836 751 1030 1837 742 1026 1838 749 1031 1839 740 1029 1840 738 1032 1841 748 1033 1842 738 1032 1843 736 1034 1844 747 1035 1845 736 1034 1846 734 1036 1847 732 1037 1848 747 1035 1849 734 1036 1850 745 1038 1851 732 1037 1852 730 1039 1853 744 1027 1854 730 1039 1855 728 1028 1856 739 1040 1857 756 1041 1858 757 1042 1859 729 1043 1860 759 1044 1861 753 1045 1862 729 1043 1863 752 1019 1864 731 1046 1865 733 1018 1866 755 1047 1867 735 1048 1868 741 1049 1869 757 1042 1870 758 1050 1871 737 1051 1872 755 1047 1873 756 1041 1874 741 1049 1875 759 1044 1876 743 1052 1877 761 1053 1878 777 1054 1879 776 1055 1880 763 1056 1881 778 1057 1882 777 1054 1883 765 1058 1884 779 1059 1885 778 1057 1886 767 1060 1887 780 1061 1888 779 1059 1889 780 1061 1890 771 1062 1891 781 1063 1892 771 1062 1893 782 1064 1894 781 1063 1895 763 1065 1896 786 1066 1897 765 1067 1898 782 1064 1899 775 1068 1900 783 1069 1901 783 1069 1902 761 1053 1903 776 1055 1904 772 1070 1905 774 1071 1906 766 1072 1907 783 1073 1908 760 1074 1909 774 1075 1910 782 1076 1911 774 1075 1912 772 1077 1913 781 1078 1914 772 1077 1915 770 1079 1916 768 1080 1917 781 1078 1918 770 1079 1919 766 1081 1920 780 1082 1921 768 1080 1922 764 1083 1923 779 1084 1924 766 1081 1925 762 1085 1926 778 1086 1927 764 1083 1928 760 1074 1929 777 1087 1930 762 1085 1931 769 1088 1932 789 1089 1933 771 1090 1934 775 1091 1935 785 1092 1936 761 1093 1937 763 1065 1938 785 1092 1939 784 1094 1940 765 1067 1941 787 1095 1942 767 1096 1943 773 1097 1944 789 1089 1945 790 1098 1946 769 1088 1947 787 1095 1948 788 1099 1949 775 1091 1950 790 1098 1951 791 1100 1952 721 1101 1953 726 1102 1954 724 1103 1955 840 1147 2022 827 1148 2023 841 1149 2024 827 1148 2025 842 1150 2026 841 1149 2027 829 1151 2028 843 1152 2029 842 1150 2030 831 1153 2031 844 1154 2032 843 1152 2033 844 1154 2034 835 1155 2035 845 1156 2036 845 1156 2037 837 1157 2038 846 1158 2039 829 1159 2040 848 1160 2041 850 1161 2042 846 1158 2043 839 1162 2044 847 1163 2045 839 1162 2046 840 1147 2047 847 1163 2048 830 1164 2049 834 1165 2050 838 1166 2051 838 1167 2052 840 1168 2053 824 1169 2054 846 1170 2055 838 1167 2056 836 1171 2057 845 1172 2058 836 1171 2059 834 1173 2060 832 1174 2061 845 1172 2062 834 1173 2063 843 1175 2064 832 1174 2065 830 1176 2066 842 1177 2067 830 1176 2068 828 1178 2069 841 1179 2070 828 1178 2071 826 1180 2072 840 1168 2073 826 1180 2074 824 1169 2075 835 1181 2076 852 1182 2077 853 1183 2078 825 1184 2079 855 1185 2080 849 1186 2081 825 1184 2082 848 1160 2083 827 1187 2084 831 1188 2085 850 1161 2086 851 1189 2087 835 1181 2088 854 1190 2089 837 1191 2090 831 1188 2091 852 1182 2092 833 1192 2093 837 1191 2094 855 1185 2095 839 1193 2096 857 1194 2097 873 1195 2098 872 1196 2099 859 1197 2100 874 1198 2101 873 1195 2102 861 1199 2103 875 1200 2104 874 1198 2105 875 1200 2106 865 1201 2107 876 1202 2108 865 1201 2109 877 1203 2110 876 1202 2111 877 1203 2112 869 1204 2113 878 1205 2114 861 1206 2115 880 1207 2116 882 1208 2117 878 1205 2118 871 1209 2119 879 1210 2120 879 1210 2121 857 1194 2122 872 1196 2123 868 1211 2124 870 1212 2125 862 1213 2126 870 1214 2127 872 1215 2128 856 1216 2129 868 1217 2130 879 1218 2131 870 1214 2132 866 1219 2133 878 1220 2134 868 1217 2135 864 1221 2136 877 1222 2137 866 1219 2138 862 1223 2139 876 1224 2140 864 1221 2141 860 1225 2142 875 1226 2143 862 1223 2144 873 1227 2145 860 1225 2146 858 1228 2147 872 1215 2148 858 1228 2149 856 1216 2150 865 1229 2151 885 1230 2152 867 1231 2153 857 1232 2154 887 1233 2155 881 1234 2156 857 1232 2157 880 1207 2158 859 1235 2159 861 1206 2160 883 1236 2161 863 1237 2162 869 1238 2163 885 1230 2164 886 1239 2165 863 1237 2166 884 1240 2167 865 1229 2168 871 1241 2169 886 1239 2170 887 1233 2171 889 1242 2172 905 1243 2173 904 1244 2174 891 1245 2175 906 1246 2176 905 1243 2177 893 1247 2178 907 1248 2179 906 1246 2180 895 1249 2181 908 1250 2182 907 1248 2183 908 1250 2184 899 1251 2185 909 1252 2186 899 1251 2187 910 1253 2188 909 1252 2189 891 1254 2190 914 1255 2191 893 1256 2192 910 1253 2193 903 1257 2194 911 1258 2195 911 1258 2196 889 1242 2197 904 1244 2198 900 1259 2199 902 1260 2200 894 1261 2201 911 1262 2202 888 1263 2203 902 1264 2204 910 1265 2205 902 1264 2206 900 1266 2207 909 1267 2208 900 1266 2209 898 1268 2210 896 1269 2211 909 1267 2212 898 1268 2213 894 1270 2214 908 1271 2215 896 1269 2216 892 1272 2217 907 1273 2218 894 1270 2219 890 1274 2220 906 1275 2221 892 1272 2222 888 1263 2223 905 1276 2224 890 1274 2225 897 1277 2226 917 1278 2227 899 1279 2228 903 1280 2229 913 1281 2230 889 1282 2231 889 1282 2232 912 1283 2233 891 1254 2234 893 1256 2235 915 1284 2236 895 1285 2237 901 1286 2238 917 1278 2239 918 1287 2240 897 1277 2241 915 1284 2242 916 1288 2243 903 1280 2244 918 1287 2245 919 1289 2246 849 1290 2247 854 1291 2248 852 1292 2249 953 1336 2316 969 1337 2317 968 1338 2318 955 1339 2319 970 1340 2320 969 1337 2321 957 1341 2322 971 1342 2323 970 1340 2324 971 1342 2325 961 1343 2326 972 1344 2327 972 1344 2328 963 1345 2329 973 1346 2330 973 1346 2331 965 1347 2332 974 1348 2333 957 1349 2334 976 1350 2335 978 1351 2336 974 1348 2337 967 1352 2338 975 1353 2339 967 1352 2340 968 1338 2341 975 1353 2342 958 1354 2343 962 1355 2344 966 1356 2345 966 1357 2346 968 1358 2347 952 1359 2348 964 1360 2349 975 1361 2350 966 1357 2351 962 1362 2352 974 1363 2353 964 1360 2354 960 1364 2355 973 1365 2356 962 1362 2357 971 1366 2358 960 1364 2359 958 1367 2360 970 1368 2361 958 1367 2362 956 1369 2363 969 1370 2364 956 1369 2365 954 1371 2366 968 1358 2367 954 1371 2368 952 1359 2369 963 1372 2370 980 1373 2371 981 1374 2372 953 1375 2373 983 1376 2374 977 1377 2375 953 1375 2376 976 1350 2377 955 1378 2378 959 1379 2379 978 1351 2380 979 1380 2381 963 1372 2382 982 1381 2383 965 1382 2384 959 1379 2385 980 1373 2386 961 1383 2387 965 1382 2388 983 1376 2389 967 1384 2390 985 1385 2391 1001 1386 2392 1000 1387 2393 987 1388 2394 1002 1389 2395 1001 1386 2396 989 1390 2397 1003 1391 2398 1002 1389 2399 1003 1391 2400 993 1392 2401 1004 1393 2402 993 1392 2403 1005 1394 2404 1004 1393 2405 1005 1394 2406 997 1395 2407 1006 1396 2408 989 1397 2409 1008 1398 2410 1010 1399 2411 1006 1396 2412 999 1400 2413 1007 1401 2414 1007 1401 2415 985 1385 2416 1000 1387 2417 996 1402 2418 998 1403 2419 990 1404 2420 998 1405 2421 1000 1406 2422 984 1407 2423 996 1408 2424 1007 1409 2425 998 1405 2426 1005 1410 2427 996 1408 2428 994 1411 2429 1004 1412 2430 994 1411 2431 992 1413 2432 990 1414 2433 1004 1412 2434 992 1413 2435 988 1415 2436 1003 1416 2437 990 1414 2438 1001 1417 2439 988 1415 2440 986 1418 2441 1000 1406 2442 986 1418 2443 984 1407 2444 995 1419 2445 1012 1420 2446 1013 1421 2447 985 1422 2448 1015 1423 2449 1009 1424 2450 985 1422 2451 1008 1398 2452 987 1425 2453 989 1397 2454 1011 1426 2455 991 1427 2456 997 1428 2457 1013 1421 2458 1014 1429 2459 991 1427 2460 1012 1420 2461 993 1430 2462 999 1431 2463 1014 1429 2464 1015 1423 2465 1017 1432 2466 1033 1433 2467 1032 1434 2468 1019 1435 2469 1034 1436 2470 1033 1433 2471 1021 1437 2472 1035 1438 2473 1034 1436 2474 1023 1439 2475 1036 1440 2476 1035 1438 2477 1036 1440 2478 1027 1441 2479 1037 1442 2480 1027 1441 2481 1038 1443 2482 1037 1442 2483 1019 1444 2484 1042 1445 2485 1021 1446 2486 1038 1443 2487 1031 1447 2488 1039 1448 2489 1039 1448 2490 1017 1432 2491 1032 1434 2492 1028 1449 2493 1030 1450 2494 1022 1451 2495 1039 1452 2496 1016 1453 2497 1030 1454 2498 1038 1455 2499 1030 1454 2500 1028 1456 2501 1037 1457 2502 1028 1456 2503 1026 1458 2504 1024 1459 2505 1037 1457 2506 1026 1458 2507 1022 1460 2508 1036 1461 2509 1024 1459 2510 1020 1462 2511 1035 1463 2512 1022 1460 2513 1018 1464 2514 1034 1465 2515 1020 1462 2516 1016 1453 2517 1033 1466 2518 1018 1464 2519 1025 1467 2520 1045 1468 2521 1027 1469 2522 1031 1470 2523 1041 1471 2524 1017 1472 2525 1019 1444 2526 1041 1471 2527 1040 1473 2528 1021 1446 2529 1043 1474 2530 1023 1475 2531 1029 1476 2532 1045 1468 2533 1046 1477 2534 1025 1467 2535 1043 1474 2536 1044 1478 2537 1031 1470 2538 1046 1477 2539 1047 1479 2540 977 1480 2541 982 1481 2542 980 1482 2543 265 318 3375 267 1554 3376 281 319 3377 281 319 3378 267 1554 3379 269 321 3380 269 321 3381 271 324 3382 283 323 3383 271 324 3384 273 326 3385 284 325 3386 273 326 3387 275 1555 3388 285 327 3389 285 327 3390 275 1555 3391 277 328 3392 269 330 3393 267 359 3394 288 331 3395 277 328 3396 279 334 3397 287 333 3398 279 334 3399 265 318 3400 280 320 3401 278 337 3402 264 1556 3403 266 1557 3404 266 1557 3405 268 1558 3406 270 335 3407 270 335 3408 272 1559 3409 274 336 3410 274 336 3411 276 1560 3412 278 337 3413 278 337 3414 266 1557 3415 270 335 3416 278 338 3417 287 342 3418 280 339 3419 276 341 3420 286 344 3421 287 342 3422 274 343 3423 285 346 3424 286 344 3425 272 345 3426 284 1561 3427 285 346 3428 283 347 3429 284 1561 3430 272 345 3431 282 349 3432 283 347 3433 270 348 3434 281 351 3435 282 349 3436 268 350 3437 280 339 3438 281 351 3439 266 352 3440 275 353 3441 273 364 3442 292 354 3443 265 356 3444 279 365 3445 295 357 3446 265 356 3447 289 358 3448 288 331 3449 271 360 3450 269 330 3451 290 332 3452 275 353 3453 293 355 3454 294 362 3455 271 360 3456 291 361 3457 292 354 3458 277 363 3459 294 362 3460 295 357 3461 297 366 3462 299 369 3463 313 367 3464 299 369 3465 301 371 3466 314 370 3467 301 371 3468 303 1562 3469 315 372 3470 315 372 3471 303 1562 3472 305 373 3473 305 373 3474 307 1563 3475 317 375 3476 317 375 3477 307 1563 3478 309 376 3479 301 378 3480 299 406 3481 320 379 3482 318 377 3483 309 376 3484 311 381 3485 311 381 3486 297 366 3487 312 368 3488 310 384 3489 296 1564 3490 298 1565 3491 298 1565 3492 300 1566 3493 310 384 3494 300 1566 3495 302 385 3496 310 384 3497 302 385 3498 304 1567 3499 306 1568 3500 306 1568 3501 308 383 3502 302 385 3503 310 386 3504 319 390 3505 312 387 3506 308 389 3507 318 1569 3508 319 390 3509 317 391 3510 318 1569 3511 308 389 3512 316 393 3513 317 391 3514 306 392 3515 315 395 3516 316 393 3517 304 394 3518 300 397 3519 314 1570 3520 315 395 3521 313 398 3522 314 1570 3523 300 397 3524 312 387 3525 313 398 3526 298 399 3527 307 400 3528 305 411 3529 324 401 3530 297 403 3531 311 412 3532 327 404 3533 297 403 3534 321 405 3535 320 379 3536 301 378 3537 322 380 3538 323 407 3539 309 409 3540 307 400 3541 325 402 3542 305 411 3543 303 408 3544 323 407 3545 309 409 3546 326 410 3547 327 404 3548 329 413 3549 331 416 3550 345 414 3551 331 416 3552 333 418 3553 346 417 3554 333 418 3555 335 420 3556 347 419 3557 335 420 3558 337 1571 3559 348 421 3560 348 421 3561 337 1571 3562 339 422 3563 339 422 3564 341 1572 3565 350 424 3566 331 425 3567 352 454 3568 354 426 3569 350 424 3570 341 1572 3571 343 428 3572 351 429 3573 343 428 3574 329 413 3575 342 431 3576 328 1573 3577 334 432 3578 328 1573 3579 330 1574 3580 334 432 3581 330 1574 3582 332 1575 3583 334 432 3584 334 432 3585 336 1576 3586 338 1577 3587 338 1577 3588 340 430 3589 334 432 3590 351 433 3591 344 1578 3592 328 434 3593 350 436 3594 351 433 3595 342 435 3596 349 438 3597 350 436 3598 340 437 3599 336 440 3600 348 442 3601 349 438 3602 334 441 3603 347 444 3604 348 442 3605 332 443 3606 346 446 3607 347 444 3608 330 445 3609 345 447 3610 346 446 3611 328 434 3612 344 1578 3613 345 447 3614 337 448 3615 356 459 3616 357 449 3617 343 451 3618 359 460 3619 353 452 3620 331 425 3621 329 453 3622 353 452 3623 333 427 3624 354 426 3625 355 455 3626 341 457 3627 339 450 3628 357 449 3629 337 448 3630 335 456 3631 355 455 3632 343 451 3633 341 457 3634 358 458 3635 290 1579 3636 288 1580 3637 289 461 3638 289 461 3639 295 1581 3640 294 462 3641 294 462 3642 293 1582 3643 292 463 3644 292 463 3645 291 1583 3646 290 1579 3647 290 1579 3648 289 461 3649 292 463 3650 408 508 3717 393 1592 3718 395 509 3719 395 509 3720 397 512 3721 410 511 3722 397 512 3723 399 514 3724 411 513 3725 399 514 3726 401 1593 3727 412 515 3728 412 515 3729 401 1593 3730 403 516 3731 413 517 3732 403 516 3733 405 518 3734 397 520 3735 395 548 3736 416 521 3737 414 519 3738 405 518 3739 407 523 3740 407 523 3741 393 1592 3742 408 508 3743 406 527 3744 392 1594 3745 394 1595 3746 394 1595 3747 396 1596 3748 398 525 3749 398 525 3750 400 1597 3751 402 526 3752 402 526 3753 404 1598 3754 406 527 3755 406 527 3756 394 1595 3757 398 525 3758 406 528 3759 415 1599 3760 408 529 3761 414 531 3762 415 1599 3763 406 528 3764 413 533 3765 414 531 3766 404 532 3767 400 535 3768 412 1600 3769 413 533 3770 411 536 3771 412 1600 3772 400 535 3773 410 538 3774 411 536 3775 398 537 3776 409 540 3777 410 538 3778 396 539 3779 408 529 3780 409 540 3781 394 541 3782 403 542 3783 401 553 3784 420 543 3785 393 545 3786 407 554 3787 423 546 3788 393 545 3789 417 547 3790 416 521 3791 399 549 3792 397 520 3793 418 522 3794 403 542 3795 421 544 3796 422 551 3797 399 549 3798 419 550 3799 420 543 3800 405 552 3801 422 551 3802 423 546 3803 425 555 3804 427 558 3805 441 556 3806 427 558 3807 429 560 3808 442 559 3809 429 560 3810 431 1601 3811 443 561 3812 443 561 3813 431 1601 3814 433 562 3815 433 562 3816 435 1602 3817 445 564 3818 445 564 3819 435 1602 3820 437 565 3821 429 567 3822 427 596 3823 448 568 3824 446 566 3825 437 565 3826 439 570 3827 447 571 3828 439 570 3829 425 555 3830 438 573 3831 424 1603 3832 426 1604 3833 426 1604 3834 428 1605 3835 438 573 3836 428 1605 3837 430 574 3838 438 573 3839 430 574 3840 432 1606 3841 434 1607 3842 434 1607 3843 436 572 3844 430 574 3845 438 575 3846 447 579 3847 440 576 3848 436 578 3849 446 581 3850 447 579 3851 434 580 3852 445 583 3853 446 581 3854 432 582 3855 444 585 3856 445 583 3857 430 584 3858 443 587 3859 444 585 3860 428 586 3861 442 1608 3862 443 587 3863 441 588 3864 442 1608 3865 428 586 3866 440 576 3867 441 588 3868 426 589 3869 433 590 3870 452 601 3871 453 591 3872 425 593 3873 439 602 3874 455 594 3875 425 593 3876 449 595 3877 448 568 3878 429 567 3879 450 569 3880 451 597 3881 437 599 3882 435 592 3883 453 591 3884 431 598 3885 451 597 3886 452 601 3887 437 599 3888 454 600 3889 455 594 3890 457 603 3891 459 606 3892 473 604 3893 459 606 3894 461 608 3895 474 607 3896 461 608 3897 463 610 3898 475 609 3899 463 610 3900 465 1609 3901 476 611 3902 476 611 3903 465 1609 3904 467 612 3905 467 612 3906 469 1610 3907 478 614 3908 459 615 3909 480 644 3910 482 616 3911 478 614 3912 469 1610 3913 471 618 3914 479 619 3915 471 618 3916 457 603 3917 470 621 3918 456 1611 3919 462 622 3920 456 1611 3921 458 1612 3922 462 622 3923 458 1612 3924 460 1613 3925 462 622 3926 462 622 3927 464 1614 3928 466 1615 3929 466 1615 3930 468 620 3931 462 622 3932 479 623 3933 472 1616 3934 456 624 3935 478 626 3936 479 623 3937 470 625 3938 477 628 3939 478 626 3940 468 627 3941 464 630 3942 476 632 3943 477 628 3944 462 631 3945 475 634 3946 476 632 3947 460 633 3948 474 636 3949 475 634 3950 458 635 3951 473 637 3952 474 636 3953 456 624 3954 472 1616 3955 473 637 3956 465 638 3957 484 649 3958 485 639 3959 471 641 3960 487 650 3961 481 642 3962 457 643 3963 481 642 3964 480 644 3965 461 617 3966 482 616 3967 483 645 3968 469 647 3969 467 640 3970 485 639 3971 465 638 3972 463 646 3973 483 645 3974 471 641 3975 469 647 3976 486 648 3977 418 1617 3978 416 1618 3979 417 651 3980 417 651 3981 423 1619 3982 422 652 3983 422 652 3984 421 1620 3985 420 653 3986 420 653 3987 419 1621 3988 418 1617 3989 418 1617 3990 417 651 3991 420 653 3992 521 697 4059 523 700 4060 537 698 4061 523 700 4062 525 702 4063 538 701 4064 525 702 4065 527 704 4066 539 703 4067 527 704 4068 529 1629 4069 540 705 4070 540 705 4071 529 1629 4072 531 706 4073 541 707 4074 531 706 4075 533 708 4076 525 710 4077 523 739 4078 544 711 4079 542 709 4080 533 708 4081 535 713 4082 535 713 4083 521 697 4084 536 699 4085 534 717 4086 520 1630 4087 522 1631 4088 522 1631 4089 524 1596 4090 526 715 4091 526 715 4092 528 1632 4093 530 716 4094 530 716 4095 532 1633 4096 534 717 4097 534 717 4098 522 1631 4099 526 715 4100 534 718 4101 543 722 4102 536 719 4103 532 721 4104 542 724 4105 543 722 4106 530 723 4107 541 726 4108 542 724 4109 528 725 4110 540 1634 4111 541 726 4112 539 727 4113 540 1634 4114 528 725 4115 538 729 4116 539 727 4117 526 728 4118 537 731 4119 538 729 4120 524 730 4121 536 719 4122 537 731 4123 522 732 4124 531 733 4125 529 744 4126 548 734 4127 521 736 4128 535 745 4129 551 737 4130 521 736 4131 545 738 4132 544 711 4133 527 740 4134 525 710 4135 546 712 4136 531 733 4137 549 735 4138 550 742 4139 527 740 4140 547 741 4141 548 734 4142 533 743 4143 550 742 4144 551 737 4145 553 746 4146 555 749 4147 569 747 4148 555 749 4149 557 751 4150 570 750 4151 557 751 4152 559 1635 4153 571 752 4154 571 752 4155 559 1635 4156 561 753 4157 561 753 4158 563 1636 4159 573 755 4160 573 755 4161 563 1636 4162 565 756 4163 557 758 4164 555 786 4165 576 759 4166 574 757 4167 565 756 4168 567 761 4169 575 762 4170 567 761 4171 553 746 4172 566 764 4173 552 1637 4174 554 1638 4175 554 1638 4176 556 1639 4177 566 764 4178 556 1639 4179 558 765 4180 566 764 4181 558 765 4182 560 1640 4183 562 1641 4184 562 1641 4185 564 763 4186 558 765 4187 566 766 4188 575 770 4189 568 767 4190 564 769 4191 574 1642 4192 575 770 4193 573 771 4194 574 1642 4195 564 769 4196 572 773 4197 573 771 4198 562 772 4199 558 775 4200 571 777 4201 572 773 4202 556 776 4203 570 1643 4204 571 777 4205 569 778 4206 570 1643 4207 556 776 4208 568 767 4209 569 778 4210 554 779 4211 563 780 4212 561 791 4213 580 781 4214 553 783 4215 567 792 4216 583 784 4217 553 783 4218 577 785 4219 576 759 4220 557 758 4221 578 760 4222 579 787 4223 565 789 4224 563 780 4225 581 782 4226 559 788 4227 579 787 4228 580 781 4229 567 792 4230 565 789 4231 582 790 4232 585 793 4233 587 796 4234 601 794 4235 587 796 4236 589 798 4237 602 797 4238 589 798 4239 591 800 4240 603 799 4241 591 800 4242 593 1644 4243 604 801 4244 604 801 4245 593 1644 4246 595 802 4247 595 802 4248 597 1645 4249 606 804 4250 587 805 4251 608 834 4252 610 806 4253 606 804 4254 597 1645 4255 599 808 4256 607 809 4257 599 808 4258 585 793 4259 598 811 4260 584 1646 4261 590 812 4262 584 1646 4263 586 1647 4264 590 812 4265 586 1647 4266 588 1648 4267 590 812 4268 590 812 4269 592 1649 4270 594 1650 4271 594 1650 4272 596 810 4273 590 812 4274 607 813 4275 600 1651 4276 584 814 4277 606 816 4278 607 813 4279 598 815 4280 605 818 4281 606 816 4282 596 817 4283 592 820 4284 604 822 4285 605 818 4286 590 821 4287 603 824 4288 604 822 4289 588 823 4290 602 826 4291 603 824 4292 586 825 4293 601 827 4294 602 826 4295 584 814 4296 600 1651 4297 601 827 4298 593 828 4299 612 839 4300 613 829 4301 599 831 4302 615 840 4303 609 832 4304 587 805 4305 585 833 4306 609 832 4307 589 807 4308 610 806 4309 611 835 4310 597 837 4311 595 830 4312 613 829 4313 593 828 4314 591 836 4315 611 835 4316 599 831 4317 597 837 4318 614 838 4319 546 1652 4320 544 1653 4321 545 841 4322 545 841 4323 551 1654 4324 550 842 4325 550 842 4326 549 1655 4327 548 843 4328 548 843 4329 547 1656 4330 546 1652 4331 546 1652 4332 545 841 4333 548 843 4334 697 958 4518 699 1676 4519 713 959 4520 713 959 4521 699 1676 4522 701 961 4523 701 961 4524 703 964 4525 715 963 4526 703 964 4527 705 966 4528 716 965 4529 705 966 4530 707 1677 4531 717 967 4532 717 967 4533 707 1677 4534 709 968 4535 701 970 4536 699 999 4537 720 971 4538 709 968 4539 711 974 4540 719 973 4541 711 974 4542 697 958 4543 712 960 4544 710 977 4545 696 1678 4546 698 1679 4547 698 1679 4548 700 1680 4549 702 975 4550 702 975 4551 704 1681 4552 706 976 4553 706 976 4554 708 1682 4555 710 977 4556 710 977 4557 698 1679 4558 702 975 4559 710 978 4560 719 982 4561 712 979 4562 708 981 4563 718 984 4564 719 982 4565 706 983 4566 717 986 4567 718 984 4568 704 985 4569 716 1683 4570 717 986 4571 715 987 4572 716 1683 4573 704 985 4574 714 989 4575 715 987 4576 702 988 4577 713 991 4578 714 989 4579 700 990 4580 712 979 4581 713 991 4582 698 992 4583 707 993 4584 705 1004 4585 724 994 4586 697 996 4587 711 1005 4588 727 997 4589 697 996 4590 721 998 4591 720 971 4592 703 1000 4593 701 970 4594 722 972 4595 707 993 4596 725 995 4597 726 1002 4598 703 1000 4599 723 1001 4600 724 994 4601 709 1003 4602 726 1002 4603 727 997 4604 729 1006 4605 731 1009 4606 745 1007 4607 731 1009 4608 733 1011 4609 746 1010 4610 733 1011 4611 735 1684 4612 747 1012 4613 747 1012 4614 735 1684 4615 737 1013 4616 737 1013 4617 739 1685 4618 749 1015 4619 749 1015 4620 739 1685 4621 741 1016 4622 733 1018 4623 731 1046 4624 752 1019 4625 750 1017 4626 741 1016 4627 743 1021 4628 743 1021 4629 729 1006 4630 744 1008 4631 742 1024 4632 728 1686 4633 730 1687 4634 730 1687 4635 732 1688 4636 742 1024 4637 732 1688 4638 734 1025 4639 742 1024 4640 734 1025 4641 736 1689 4642 738 1690 4643 738 1690 4644 740 1023 4645 734 1025 4646 742 1026 4647 751 1030 4648 744 1027 4649 740 1029 4650 750 1691 4651 751 1030 4652 749 1031 4653 750 1691 4654 740 1029 4655 748 1033 4656 749 1031 4657 738 1032 4658 747 1035 4659 748 1033 4660 736 1034 4661 732 1037 4662 746 1692 4663 747 1035 4664 745 1038 4665 746 1692 4666 732 1037 4667 744 1027 4668 745 1038 4669 730 1039 4670 739 1040 4671 737 1051 4672 756 1041 4673 729 1043 4674 743 1052 4675 759 1044 4676 729 1043 4677 753 1045 4678 752 1019 4679 733 1018 4680 754 1020 4681 755 1047 4682 741 1049 4683 739 1040 4684 757 1042 4685 737 1051 4686 735 1048 4687 755 1047 4688 741 1049 4689 758 1050 4690 759 1044 4691 761 1053 4692 763 1056 4693 777 1054 4694 763 1056 4695 765 1058 4696 778 1057 4697 765 1058 4698 767 1060 4699 779 1059 4700 767 1060 4701 769 1693 4702 780 1061 4703 780 1061 4704 769 1693 4705 771 1062 4706 771 1062 4707 773 1694 4708 782 1064 4709 763 1065 4710 784 1094 4711 786 1066 4712 782 1064 4713 773 1694 4714 775 1068 4715 783 1069 4716 775 1068 4717 761 1053 4718 774 1071 4719 760 1695 4720 766 1072 4721 760 1695 4722 762 1696 4723 766 1072 4724 762 1696 4725 764 1697 4726 766 1072 4727 766 1072 4728 768 1698 4729 770 1699 4730 770 1699 4731 772 1070 4732 766 1072 4733 783 1073 4734 776 1700 4735 760 1074 4736 782 1076 4737 783 1073 4738 774 1075 4739 781 1078 4740 782 1076 4741 772 1077 4742 768 1080 4743 780 1082 4744 781 1078 4745 766 1081 4746 779 1084 4747 780 1082 4748 764 1083 4749 778 1086 4750 779 1084 4751 762 1085 4752 777 1087 4753 778 1086 4754 760 1074 4755 776 1700 4756 777 1087 4757 769 1088 4758 788 1099 4759 789 1089 4760 775 1091 4761 791 1100 4762 785 1092 4763 763 1065 4764 761 1093 4765 785 1092 4766 765 1067 4767 786 1066 4768 787 1095 4769 773 1097 4770 771 1090 4771 789 1089 4772 769 1088 4773 767 1096 4774 787 1095 4775 775 1091 4776 773 1097 4777 790 1098 4778 722 1701 4779 720 1702 4780 721 1101 4781 721 1101 4782 727 1703 4783 726 1102 4784 726 1102 4785 725 1704 4786 724 1103 4787 724 1103 4788 723 1705 4789 722 1701 4790 722 1701 4791 721 1101 4792 724 1103 4793 840 1147 4860 825 1714 4861 827 1148 4862 827 1148 4863 829 1151 4864 842 1150 4865 829 1151 4866 831 1153 4867 843 1152 4868 831 1153 4869 833 1715 4870 844 1154 4871 844 1154 4872 833 1715 4873 835 1155 4874 845 1156 4875 835 1155 4876 837 1157 4877 829 1159 4878 827 1187 4879 848 1160 4880 846 1158 4881 837 1157 4882 839 1162 4883 839 1162 4884 825 1714 4885 840 1147 4886 838 1166 4887 824 1716 4888 826 1717 4889 826 1717 4890 828 1718 4891 830 1164 4892 830 1164 4893 832 1719 4894 834 1165 4895 834 1165 4896 836 1720 4897 838 1166 4898 838 1166 4899 826 1717 4900 830 1164 4901 838 1167 4902 847 1721 4903 840 1168 4904 846 1170 4905 847 1721 4906 838 1167 4907 845 1172 4908 846 1170 4909 836 1171 4910 832 1174 4911 844 1722 4912 845 1172 4913 843 1175 4914 844 1722 4915 832 1174 4916 842 1177 4917 843 1175 4918 830 1176 4919 841 1179 4920 842 1177 4921 828 1178 4922 840 1168 4923 841 1179 4924 826 1180 4925 835 1181 4926 833 1192 4927 852 1182 4928 825 1184 4929 839 1193 4930 855 1185 4931 825 1184 4932 849 1186 4933 848 1160 4934 831 1188 4935 829 1159 4936 850 1161 4937 835 1181 4938 853 1183 4939 854 1190 4940 831 1188 4941 851 1189 4942 852 1182 4943 837 1191 4944 854 1190 4945 855 1185 4946 857 1194 4947 859 1197 4948 873 1195 4949 859 1197 4950 861 1199 4951 874 1198 4952 861 1199 4953 863 1723 4954 875 1200 4955 875 1200 4956 863 1723 4957 865 1201 4958 865 1201 4959 867 1724 4960 877 1203 4961 877 1203 4962 867 1724 4963 869 1204 4964 861 1206 4965 859 1235 4966 880 1207 4967 878 1205 4968 869 1204 4969 871 1209 4970 879 1210 4971 871 1209 4972 857 1194 4973 870 1212 4974 856 1725 4975 858 1726 4976 858 1726 4977 860 1727 4978 870 1212 4979 860 1727 4980 862 1213 4981 870 1212 4982 862 1213 4983 864 1728 4984 866 1729 4985 866 1729 4986 868 1211 4987 862 1213 4988 870 1214 4989 879 1218 4990 872 1215 4991 868 1217 4992 878 1220 4993 879 1218 4994 866 1219 4995 877 1222 4996 878 1220 4997 864 1221 4998 876 1224 4999 877 1222 5000 862 1223 5001 875 1226 5002 876 1224 5003 860 1225 5004 874 1730 5005 875 1226 5006 873 1227 5007 874 1730 5008 860 1225 5009 872 1215 5010 873 1227 5011 858 1228 5012 865 1229 5013 884 1240 5014 885 1230 5015 857 1232 5016 871 1241 5017 887 1233 5018 857 1232 5019 881 1234 5020 880 1207 5021 861 1206 5022 882 1208 5023 883 1236 5024 869 1238 5025 867 1231 5026 885 1230 5027 863 1237 5028 883 1236 5029 884 1240 5030 871 1241 5031 869 1238 5032 886 1239 5033 889 1242 5034 891 1245 5035 905 1243 5036 891 1245 5037 893 1247 5038 906 1246 5039 893 1247 5040 895 1249 5041 907 1248 5042 895 1249 5043 897 1731 5044 908 1250 5045 908 1250 5046 897 1731 5047 899 1251 5048 899 1251 5049 901 1732 5050 910 1253 5051 891 1254 5052 912 1283 5053 914 1255 5054 910 1253 5055 901 1732 5056 903 1257 5057 911 1258 5058 903 1257 5059 889 1242 5060 902 1260 5061 888 1733 5062 894 1261 5063 888 1733 5064 890 1734 5065 894 1261 5066 890 1734 5067 892 1735 5068 894 1261 5069 894 1261 5070 896 1736 5071 898 1737 5072 898 1737 5073 900 1259 5074 894 1261 5075 911 1262 5076 904 1738 5077 888 1263 5078 910 1265 5079 911 1262 5080 902 1264 5081 909 1267 5082 910 1265 5083 900 1266 5084 896 1269 5085 908 1271 5086 909 1267 5087 894 1270 5088 907 1273 5089 908 1271 5090 892 1272 5091 906 1275 5092 907 1273 5093 890 1274 5094 905 1276 5095 906 1275 5096 888 1263 5097 904 1738 5098 905 1276 5099 897 1277 5100 916 1288 5101 917 1278 5102 903 1280 5103 919 1289 5104 913 1281 5105 889 1282 5106 913 1281 5107 912 1283 5108 893 1256 5109 914 1255 5110 915 1284 5111 901 1286 5112 899 1279 5113 917 1278 5114 897 1277 5115 895 1285 5116 915 1284 5117 903 1280 5118 901 1286 5119 918 1287 5120 850 1739 5121 848 1740 5122 849 1290 5123 849 1290 5124 855 1741 5125 854 1291 5126 854 1291 5127 853 1742 5128 852 1292 5129 852 1292 5130 851 1743 5131 850 1739 5132 850 1739 5133 849 1290 5134 852 1292 5135 953 1336 5202 955 1339 5203 969 1337 5204 955 1339 5205 957 1341 5206 970 1340 5207 957 1341 5208 959 1750 5209 971 1342 5210 971 1342 5211 959 1750 5212 961 1343 5213 972 1344 5214 961 1343 5215 963 1345 5216 973 1346 5217 963 1345 5218 965 1347 5219 957 1349 5220 955 1378 5221 976 1350 5222 974 1348 5223 965 1347 5224 967 1352 5225 967 1352 5226 953 1336 5227 968 1338 5228 966 1356 5229 952 1751 5230 954 1752 5231 954 1752 5232 956 1596 5233 958 1354 5234 958 1354 5235 960 1753 5236 962 1355 5237 962 1355 5238 964 1754 5239 966 1356 5240 966 1356 5241 954 1752 5242 958 1354 5243 966 1357 5244 975 1361 5245 968 1358 5246 964 1360 5247 974 1363 5248 975 1361 5249 962 1362 5250 973 1365 5251 974 1363 5252 960 1364 5253 972 1755 5254 973 1365 5255 971 1366 5256 972 1755 5257 960 1364 5258 970 1368 5259 971 1366 5260 958 1367 5261 969 1370 5262 970 1368 5263 956 1369 5264 968 1358 5265 969 1370 5266 954 1371 5267 963 1372 5268 961 1383 5269 980 1373 5270 953 1375 5271 967 1384 5272 983 1376 5273 953 1375 5274 977 1377 5275 976 1350 5276 959 1379 5277 957 1349 5278 978 1351 5279 963 1372 5280 981 1374 5281 982 1381 5282 959 1379 5283 979 1380 5284 980 1373 5285 965 1382 5286 982 1381 5287 983 1376 5288 985 1385 5289 987 1388 5290 1001 1386 5291 987 1388 5292 989 1390 5293 1002 1389 5294 989 1390 5295 991 1756 5296 1003 1391 5297 1003 1391 5298 991 1756 5299 993 1392 5300 993 1392 5301 995 1757 5302 1005 1394 5303 1005 1394 5304 995 1757 5305 997 1395 5306 989 1397 5307 987 1425 5308 1008 1398 5309 1006 1396 5310 997 1395 5311 999 1400 5312 1007 1401 5313 999 1400 5314 985 1385 5315 998 1403 5316 984 1758 5317 986 1759 5318 986 1759 5319 988 1760 5320 998 1403 5321 988 1760 5322 990 1404 5323 998 1403 5324 990 1404 5325 992 1761 5326 994 1762 5327 994 1762 5328 996 1402 5329 990 1404 5330 998 1405 5331 1007 1409 5332 1000 1406 5333 996 1408 5334 1006 1763 5335 1007 1409 5336 1005 1410 5337 1006 1763 5338 996 1408 5339 1004 1412 5340 1005 1410 5341 994 1411 5342 990 1414 5343 1003 1416 5344 1004 1412 5345 988 1415 5346 1002 1764 5347 1003 1416 5348 1001 1417 5349 1002 1764 5350 988 1415 5351 1000 1406 5352 1001 1417 5353 986 1418 5354 995 1419 5355 993 1430 5356 1012 1420 5357 985 1422 5358 999 1431 5359 1015 1423 5360 985 1422 5361 1009 1424 5362 1008 1398 5363 989 1397 5364 1010 1399 5365 1011 1426 5366 997 1428 5367 995 1419 5368 1013 1421 5369 991 1427 5370 1011 1426 5371 1012 1420 5372 999 1431 5373 997 1428 5374 1014 1429 5375 1017 1432 5376 1019 1435 5377 1033 1433 5378 1019 1435 5379 1021 1437 5380 1034 1436 5381 1021 1437 5382 1023 1439 5383 1035 1438 5384 1023 1439 5385 1025 1765 5386 1036 1440 5387 1036 1440 5388 1025 1765 5389 1027 1441 5390 1027 1441 5391 1029 1766 5392 1038 1443 5393 1019 1444 5394 1040 1473 5395 1042 1445 5396 1038 1443 5397 1029 1766 5398 1031 1447 5399 1039 1448 5400 1031 1447 5401 1017 1432 5402 1030 1450 5403 1016 1767 5404 1022 1451 5405 1016 1767 5406 1018 1768 5407 1022 1451 5408 1018 1768 5409 1020 1769 5410 1022 1451 5411 1022 1451 5412 1024 1770 5413 1026 1771 5414 1026 1771 5415 1028 1449 5416 1022 1451 5417 1039 1452 5418 1032 1772 5419 1016 1453 5420 1038 1455 5421 1039 1452 5422 1030 1454 5423 1037 1457 5424 1038 1455 5425 1028 1456 5426 1024 1459 5427 1036 1461 5428 1037 1457 5429 1022 1460 5430 1035 1463 5431 1036 1461 5432 1020 1462 5433 1034 1465 5434 1035 1463 5435 1018 1464 5436 1033 1466 5437 1034 1465 5438 1016 1453 5439 1032 1772 5440 1033 1466 5441 1025 1467 5442 1044 1478 5443 1045 1468 5444 1031 1470 5445 1047 1479 5446 1041 1471 5447 1019 1444 5448 1017 1472 5449 1041 1471 5450 1021 1446 5451 1042 1445 5452 1043 1474 5453 1029 1476 5454 1027 1469 5455 1045 1468 5456 1025 1467 5457 1023 1475 5458 1043 1474 5459 1031 1470 5460 1029 1476 5461 1046 1477 5462 978 1773 5463 976 1774 5464 977 1480 5465 977 1480 5466 983 1775 5467 982 1481 5468 982 1481 5469 981 1776 5470 980 1482 5471 980 1482 5472 979 1777 5473 978 1773 5474 978 1773 5475 977 1480 5476 980 1482 5477</p>
        </triangles>
      </mesh>
    </geometry>
  </library_geometries>
  <library_visual_scenes>
    <visual_scene id="Scene" name="Scene">
      <node id="cable_tower" name="cable_tower" type="NODE">
        <matrix sid="transform">9.73536e-8 9.31235e-8 1 0.05391508 0.5 0.8660254 -1.29324e-7 -0.1871647 -0.8660254 0.5 3.77489e-8 3.145468 0 0 0 1</matrix>
        <instance_geometry url="#Cylinder_004-mesh" name="cable_tower">
          <bind_material>
            <technique_common>
              <instance_material symbol="cable_tower-material" target="#cable_tower-material">
                <bind_vertex_input semantic="UVMap" input_semantic="TEXCOORD" input_set="0"/>
              </instance_material>
              <instance_material symbol="cable-material" target="#cable-material">
                <bind_vertex_input semantic="UVMap" input_semantic="TEXCOORD" input_set="0"/>
              </instance_material>
              <instance_material symbol="izolator-material" target="#izolator-material">
                <bind_vertex_input semantic="UVMap" input_semantic="TEXCOORD" input_set="0"/>
              </instance_material>
            </technique_common>
          </bind_material>
        </instance_geometry>
      </node>
    </visual_scene>
  </library_visual_scenes>
  <scene>
    <instance_visual_scene url="#Scene"/>
  </scene>
</COLLADA>